Day,Date,Time,Latitude,Longitude,DepthInKilo,Magnitude,Quality,DistanceInKilo,Direction,Volcano
Friday,7/10/2016,17:49:09,63.818,-22.983,6.6,1.2,87.97,8.6,N,Eldey
Friday,7/10/2016,14:22:17,63.722,-23.131,10,1.8,99,4.7,NE,Geirfuglasker
Friday,7/10/2016,14:00:05,63.729,-23.14,10.2,1.7,99,4.9,NE,Geirfuglasker
Friday,7/10/2016,13:57:50,63.733,-23.128,12.7,1.5,99,5.6,NE,Geirfuglasker
Friday,7/10/2016,13:41:38,66.28,-16.999,6.6,0.9,99,24.6,W,Kópasker
Friday,7/10/2016,13:38:41,66.24,-16.666,4.5,0.7,99,11.8,SW,Kópasker
Friday,7/10/2016,13:38:22,66.881,-16.779,5.2,0.7,31.58,65.9,NE,Grímsey
Friday,7/10/2016,12:34:57,64.526,-17.381,1.1,0.8,99,14.4,NNW,Grímsfjall
Friday,7/10/2016,12:33:18,64.635,-17.514,4.1,1.8,99,0.8,SE,Bárðarbunga
Friday,7/10/2016,11:49:13,64.649,-17.472,4.4,1.2,99,2.8,ENE,Bárðarbunga
Friday,7/10/2016,11:48:51,64.631,-17.519,3.1,1.7,99,1.1,SSE,Bárðarbunga
Friday,7/10/2016,11:25:41,63.621,-19.112,1,1,99,4.5,N,Hábunga
Friday,7/10/2016,9:41:02,66.288,-17.556,13.3,0.6,99,18.6,NE,Flatey
Friday,7/10/2016,9:32:39,65.723,-16.811,5.8,0.6,99,2.8,WNW,Krafluvirkjun
Friday,7/10/2016,7:36:28,63.62,-19.108,0.1,1,99,4.4,N,Hábunga
Friday,7/10/2016,6:48:05,63.89,-22.208,7.4,1,99,3.5,ESE,Fagradalsfjall
Friday,7/10/2016,5:21:20,66.279,-17.524,13.2,0.5,99,18.9,NE,Flatey
Friday,7/10/2016,4:52:43,63.621,-19.104,0.1,1,99,4.5,N,Hábunga
Friday,7/10/2016,4:40:49,66.243,-18.382,7,1,99,9.3,NW,Gjögurtá
Friday,7/10/2016,4:30:20,63.623,-19.093,0.1,2,99,4.8,N,Hábunga
Friday,7/10/2016,4:28:42,64.608,-17.519,2.6,0.9,99,3.6,S,Bárðarbunga
Friday,7/10/2016,4:22:24,64.624,-17.509,2.9,1.6,99,2,SSE,Bárðarbunga
Friday,7/10/2016,3:07:20,63.642,-19.105,0.1,0.9,99,6.9,N,Hábunga
Friday,7/10/2016,2:52:21,66.827,-18.375,10,1.5,99,35.5,NNW,Grímsey
Friday,7/10/2016,0:45:42,63.629,-19.111,0.1,0.7,99,5.5,N,Hábunga
Friday,7/10/2016,0:11:37,63.618,-19.141,0.6,1.4,99,4.7,NNW,Eyjafjallajökull
Friday,7/10/2016,23:36:02,66.28,-16.993,7.3,1,99,24.3,W,Kópasker
Friday,7/10/2016,23:35:14,66.646,-17.93,11.9,1.4,99,12.1,NNE,Grímsey
Friday,7/10/2016,23:30:41,63.952,-20.967,5.1,0.4,99,2.4,NE,Selfoss
Friday,7/10/2016,23:15:38,66.336,-16.959,9.4,0.6,99,22.9,W,Kópasker
Friday,7/10/2016,22:58:28,66.638,-17.867,9.1,0.6,99,12.4,NNE,Grímsey
Friday,7/10/2016,22:15:13,65.015,-16.698,2.8,0.1,99,5.1,WSW,Dreki
Friday,7/10/2016,17:53:16,63.995,-20.172,7.8,0.9,99,6.6,SE,Árnes
Friday,7/10/2016,17:49:09,63.813,-22.964,8.2,1.7,99,8,N,Eldey
Friday,7/10/2016,17:46:49,65.709,-16.815,2.6,0.6,99,2.7,W,Krafluvirkjun
Friday,7/10/2016,16:04:47,66.28,-16.997,5.7,0.7,99,24.5,W,Kópasker
Friday,7/10/2016,14:25:45,64.826,-16.86,7.8,0.1,99,17.2,ENE,Kistufell
Friday,7/10/2016,14:25:12,66.277,-16.998,9.4,0.7,99,24.6,W,Kópasker
Friday,7/10/2016,11:25:41,63.621,-19.112,1,1,99,4.5,N,Eyjafjallajökull
Friday,7/10/2016,7:36:28,63.62,-19.108,0.1,1,99,4.4,N,Eyjafjallajökull
Friday,7/10/2016,0:45:42,63.629,-19.111,0.1,0.7,99,5.5,N,Eyjafjallajökull
Friday,30/09/2016,20:54:38,63.642,-19.124,0.1,3,99,6.2,E,Goðabunga
Friday,30/09/2016,20:43:55,63.611,-19.103,1.1,0.5,90.02,3.4,N,Hábunga
Friday,30/09/2016,20:33:07,63.61,-19.148,1.1,1,90.05,4.1,NW,Hábunga
Friday,30/09/2016,19:47:18,63.608,-19.101,1.1,0.8,90.04,3.1,N,Eyjafjallajökull
Friday,30/09/2016,19:25:19,63.875,-22.298,3.6,0.6,90.01,3.3,SSW,Fagradalsfjall
Friday,30/09/2016,19:24:31,63.614,-19.113,1.1,0.1,90.01,3.8,N,Eyjafjallajökull
Friday,30/09/2016,19:22:11,63.614,-19.089,1.1,0.2,75.93,3.8,N,Eyjafjallajökull
Friday,30/09/2016,19:11:34,64.497,-17.673,4.9,1.6,90.04,6.6,E,Hamarinn
Friday,30/09/2016,19:01:30,63.621,-19.108,1.1,0.1,90.01,4.6,N,Hábunga
Friday,30/09/2016,18:55:54,64.682,-17.463,3.8,0.8,73.07,5.6,NNE,Bárðarbunga
Friday,30/09/2016,18:47:16,63.624,-19.08,1.1,0.1,88.38,5,NNE,Hábunga
Friday,30/09/2016,18:16:39,63.609,-19.108,1.1,0.8,90.03,3.2,N,Hábunga
Friday,30/09/2016,18:15:05,63.611,-19.136,1.1,0.8,90.04,3.9,NNW,Hábunga
Friday,30/09/2016,18:06:56,63.608,-19.121,1.1,1,90.06,3.3,NNW,Hábunga
Friday,30/09/2016,17:33:42,63.611,-19.115,1.1,0.6,90.03,3.5,NNW,Hábunga
Friday,30/09/2016,16:48:18,63.607,-19.139,1.1,1,90.07,3.6,NNW,Hábunga
Friday,30/09/2016,16:38:09,63.619,-19.103,1.1,0.4,90.01,4.3,N,Hábunga
Friday,30/09/2016,16:12:01,63.934,-20.769,3.6,0.4,83.87,5.7,W,Þjórsárbrú
Friday,30/09/2016,15:40:02,63.625,-19.121,1.1,0.1,90.01,5.1,NNW,Hábunga
Friday,30/09/2016,14:49:01,63.612,-19.116,1.1,1,90.05,3.6,NNW,Grenivík
Friday,30/09/2016,14:25:15,65.087,-16.809,3.8,0.2,50.11,6.6,SSE,Lokatindur
Friday,30/09/2016,14:23:26,63.633,-19.106,0.1,1.1,99,5.9,N,Hábunga
Friday,30/09/2016,13:59:25,63.622,-19.12,0.1,1,99,4.8,NNW,Hábunga
Friday,30/09/2016,13:39:19,66.563,-17.742,13.2,1.5,99,12,ENE,Grímsey
Friday,30/09/2016,12:55:52,63.62,-19.148,0.1,0.3,99,5,NNW,Hábunga
Friday,30/09/2016,12:45:51,63.617,-19.137,0.1,0.2,99,4.5,NNW,Hábunga
Friday,30/09/2016,12:38:21,63.626,-19.114,0.1,0.4,99,5.1,N,Hábunga
Friday,30/09/2016,12:26:35,63.624,-19.13,0.1,0.6,99,5.1,NNW,Hábunga
Friday,30/09/2016,12:19:51,63.619,-19.17,0.1,0.4,99,4.6,ESE,Goðabunga
Friday,30/09/2016,12:16:59,63.626,-19.137,0.1,0.6,99,5.4,NNW,Hábunga
Friday,30/09/2016,12:15:33,63.616,-19.144,0.1,1.4,99,4.6,NNW,Hábunga
Friday,30/09/2016,12:14:38,63.616,-19.145,0.3,1.5,99,4.6,NNW,Hábunga
Friday,30/09/2016,12:13:25,63.614,-19.151,0.2,3.2,99,4.6,NW,Eyjafjallajökull
Friday,30/09/2016,12:11:40,63.622,-19.121,1.1,0.6,90.01,4.8,NNW,Hábunga
Friday,30/09/2016,12:10:55,63.619,-19.129,0,3.2,99,4.5,NNW,Hábunga
Friday,30/09/2016,12:09:18,63.623,-19.105,0,3.6,99,4.8,N,Hábunga
Friday,30/09/2016,12:07:37,63.62,-19.111,0,3.6,99,4.4,N,Hábunga
Friday,30/09/2016,12:02:37,63.619,-19.176,1.1,2.2,90.07,4.3,ESE,Goðabunga
Friday,30/09/2016,12:02:36,63.625,-19.112,0.1,2.9,99,5.1,N,Hábunga
Friday,30/09/2016,11:59:45,64.796,-16.903,3.1,0.3,99,14.5,E,Kistufell
Friday,30/09/2016,11:37:37,64.396,-17.344,3.6,0.8,99,3.5,WSW,Grímsfjall
Friday,30/09/2016,11:27:04,65.193,-16.282,0.1,0.7,99,2.3,W,Herðubreiðarlindir
Friday,30/09/2016,11:07:16,63.609,-19.11,1.1,0.5,90.02,3.3,N,Eyjafjallajökull
Friday,30/09/2016,11:06:23,63.622,-19.101,0.1,1.4,99,4.7,N,Hábunga
Friday,30/09/2016,11:03:35,63.625,-19.128,1.1,0.1,71.16,5.2,NNW,Hábunga
Friday,30/09/2016,10:39:06,65.025,-16.674,3,0.2,99,3.5,WSW,Dreki
Friday,30/09/2016,10:22:23,64.681,-17.459,3.4,0.4,99,5.6,NE,Bárðarbunga
Friday,30/09/2016,9:57:38,63.621,-19.119,0.1,1.5,99,4.7,NNW,Hábunga
Friday,30/09/2016,9:55:40,63.625,-19.115,0.1,1.5,99,5.1,N,Hábunga
Friday,30/09/2016,9:53:17,63.621,-19.117,0.1,1,99,4.7,N,Hábunga
Friday,30/09/2016,9:48:09,63.99,-20.697,7,0.3,99,3.5,SSW,Hestfjall
Friday,30/09/2016,9:43:10,63.936,-21.702,10.1,0.4,99,5.9,SSW,Bláfjallaskáli
Friday,30/09/2016,9:40:01,63.947,-21.048,7.1,0.5,99,2.3,WNW,Selfoss
Friday,30/09/2016,9:37:27,63.614,-19.123,0.1,1.4,99,4,NNW,Hábunga
Friday,30/09/2016,9:18:46,63.636,-19.102,0.1,1.8,99,6.2,N,Hábunga
Friday,30/09/2016,9:12:14,63.641,-19.111,0.1,0.9,99,6.8,N,Hábunga
Friday,30/09/2016,9:11:16,63.638,-19.107,0.1,1.1,99,6.5,N,Hábunga
Friday,30/09/2016,8:59:04,63.621,-19.109,0.1,1.4,99,4.6,N,Hábunga
Friday,30/09/2016,8:45:21,63.623,-19.084,0.1,2,99,4.8,N,Hábunga
Friday,30/09/2016,8:40:49,63.619,-19.119,0.1,2,99,4.4,NNW,Hábunga
Friday,30/09/2016,7:36:46,63.621,-19.119,1.1,0.3,46.98,4.7,NNW,Hábunga
Friday,30/09/2016,7:27:33,63.617,-19.109,0.1,1.6,99,4.1,N,Hábunga
Friday,30/09/2016,7:08:28,63.623,-19.112,0.1,1.4,99,4.8,N,Hábunga
Friday,30/09/2016,7:04:21,63.624,-19.105,0.1,1.6,99,4.9,N,Hábunga
Friday,30/09/2016,6:59:51,63.838,-22.651,8,0.9,99,5,NNE,Reykjanestá
Friday,30/09/2016,6:40:55,63.623,-19.127,0,1.5,99,5,NNW,Hábunga
Friday,30/09/2016,6:39:26,63.621,-19.111,0,1.6,99,4.6,N,Hábunga
Friday,30/09/2016,6:32:35,63.624,-19.108,0,0.7,99,5,N,Hábunga
Friday,30/09/2016,6:31:55,63.623,-19.11,0,1.5,99,4.8,N,Hábunga
Friday,30/09/2016,6:30:53,63.623,-19.126,0.1,1.3,99,5,NNW,Hábunga
Friday,30/09/2016,6:30:14,63.622,-19.114,0,0.5,99,4.7,N,Hábunga
Friday,30/09/2016,6:28:30,63.615,-19.136,1,0.3,59.99,4.3,NNW,Hábunga
Friday,30/09/2016,6:08:46,63.626,-19.127,0.1,1.5,99,5.3,NNW,Hábunga
Friday,30/09/2016,5:57:48,63.624,-19.113,1.1,0.5,99,4.9,N,Hábunga
Friday,30/09/2016,5:56:37,63.623,-19.116,0.1,1.6,99,4.8,N,Hábunga
Friday,30/09/2016,5:51:46,63.62,-19.129,0.2,0.4,99,4.7,NNW,Hábunga
Friday,30/09/2016,5:43:35,63.613,-19.16,0,2.4,99,4.7,NW,Eyjafjallajökull
Friday,30/09/2016,5:32:10,65.028,-16.672,3.7,0.6,99,3.4,WSW,Dreki
Friday,30/09/2016,5:31:47,65.024,-16.673,3.2,0.7,99,3.6,WSW,Dreki
Friday,30/09/2016,5:23:35,63.617,-19.139,0.1,0.5,99,4.6,NNW,Hábunga
Friday,30/09/2016,5:17:02,63.621,-19.122,0.1,1.2,99,4.7,NNW,Hábunga
Friday,30/09/2016,5:09:56,63.885,-22.298,0.1,0.5,99,2.2,SSW,Fagradalsfjall
Friday,30/09/2016,4:46:50,63.625,-19.123,0.1,0.8,99,5.1,NNW,Hábunga
Friday,30/09/2016,4:45:44,63.624,-19.125,0.1,1.2,99,5,NNW,Hábunga
Friday,30/09/2016,4:44:38,63.619,-19.128,1.1,0.3,44.26,4.5,NNW,Hábunga
Friday,30/09/2016,4:41:55,63.617,-19.139,0.1,3.6,99,4.6,NNW,Hábunga
Friday,30/09/2016,4:40:57,63.619,-19.141,0.1,3.1,99,4.7,NNW,Hábunga
Friday,30/09/2016,4:39:09,63.615,-19.156,1.1,0.5,79.4,4.8,NW,Hábunga
Friday,30/09/2016,4:38:22,63.62,-19.149,0.1,1.9,99,5.1,NNW,Hábunga
Friday,30/09/2016,4:38:01,63.622,-19.14,0.1,1.2,99,5,NNW,Hábunga
Friday,30/09/2016,4:34:19,63.618,-19.152,0.1,0.7,99,5,NNW,Hábunga
Friday,30/09/2016,4:31:56,63.62,-19.135,0.1,1.3,99,4.8,NNW,Hábunga
Friday,30/09/2016,4:30:47,63.619,-19.137,0.1,2.6,99,4.7,NNW,Hábunga
Friday,30/09/2016,4:19:14,63.623,-19.109,0.1,1.7,99,4.8,N,Hábunga
Friday,30/09/2016,4:11:03,63.623,-19.112,0.1,1.9,99,4.8,N,Eyjafjallajökull
Friday,30/09/2016,3:48:23,63.867,-22.294,7.8,1,99,4,SSW,Fagradalsfjall
Friday,30/09/2016,3:34:04,63.621,-19.112,0.1,1.6,99,4.6,N,Hábunga
Friday,30/09/2016,3:32:55,63.621,-19.117,0.1,1.2,99,4.6,N,Hábunga
Friday,30/09/2016,3:26:27,63.618,-19.138,0.1,0.6,99,4.7,NNW,Hábunga
Friday,30/09/2016,3:25:55,63.616,-19.114,1.1,0.9,90.04,4.1,N,Hábunga
Friday,30/09/2016,3:20:22,63.628,-19.097,0.1,0.6,99,5.4,N,Hábunga
Friday,30/09/2016,3:19:05,63.624,-19.131,0.1,1,99,5.1,NNW,Hábunga
Friday,30/09/2016,3:15:37,63.625,-19.126,0.1,0.8,99,5.2,NNW,Hábunga
Friday,30/09/2016,3:08:21,63.624,-19.188,0.1,0.3,99,3.5,ESE,Goðabunga
Friday,30/09/2016,3:06:44,63.626,-19.13,0.1,1.2,99,5.4,NNW,Hábunga
Friday,30/09/2016,2:50:15,63.625,-19.12,0.1,1,99,5.1,N,Eyjafjallajökull
Friday,30/09/2016,2:45:00,63.628,-19.106,0.1,0.9,99,5.4,N,Hábunga
Friday,30/09/2016,2:43:55,63.628,-19.093,0.1,2.2,99,5.4,N,Hábunga
Friday,30/09/2016,2:43:07,63.627,-19.099,0.1,3.2,99,5.2,N,Hábunga
Friday,30/09/2016,2:29:35,63.623,-19.121,0.1,1.2,99,4.9,NNW,Eyjafjallajökull
Friday,30/09/2016,2:26:51,63.616,-19.113,0.1,0.5,99,4,N,Hábunga
Friday,30/09/2016,2:26:27,63.623,-19.118,0.1,0.8,99,4.8,N,Eyjafjallajökull
Friday,30/09/2016,2:26:05,63.626,-19.131,0.1,0.9,99,5.3,NNW,Eyjafjallajökull
Friday,30/09/2016,2:22:45,63.623,-19.129,0.1,1.6,99,5,NNW,Hábunga
Friday,30/09/2016,2:14:12,63.696,-19.459,1.1,0.8,90.01,2.4,NNE,Básar
Friday,30/09/2016,2:14:09,63.622,-19.125,0.1,2.3,99,4.8,NNW,Hábunga
Friday,30/09/2016,2:11:41,63.621,-19.121,0.1,0.5,99,4.7,NNW,Hábunga
Friday,30/09/2016,2:07:11,63.606,-19.084,1.1,1,90.03,3,NNE,Hábunga
Friday,30/09/2016,2:05:03,63.621,-19.094,0.1,2,99,4.5,N,Hábunga
Friday,30/09/2016,2:04:16,63.622,-19.131,0.1,1.4,99,4.9,NNW,Eyjafjallajökull
Friday,30/09/2016,2:02:48,64.653,-17.398,2.5,0.7,99,6.3,ENE,Bárðarbunga
Friday,30/09/2016,2:01:07,64.679,-17.389,0.5,1.7,99,7.9,ENE,Bárðarbunga
Friday,30/09/2016,1:53:21,66.636,-17.901,11.5,1.3,99,11.5,NNE,Grímsey
Friday,30/09/2016,1:48:22,63.912,-21.977,7.4,0.7,99,5.1,ENE,Krýsuvík
Friday,30/09/2016,1:46:32,63.912,-21.97,6.6,1.1,99,5.4,ENE,Krýsuvík
Friday,30/09/2016,1:33:13,63.628,-19.133,0.1,0.5,99,5.5,NNW,Eyjafjallajökull
Friday,30/09/2016,1:31:03,63.622,-19.123,0.1,2.9,99,4.8,NNW,Hábunga
Friday,30/09/2016,1:23:30,64.824,-16.888,5.7,0.6,99,15.9,ENE,Kistufell
Friday,30/09/2016,1:18:40,63.618,-19.112,1.1,1.2,90.03,4.3,N,Hábunga
Friday,30/09/2016,1:18:40,63.639,-19.098,0.1,2.4,99,6.5,N,Eyjafjallajökull
Friday,30/09/2016,1:17:26,63.891,-22.076,4.1,0.7,99,0.7,NW,Krýsuvík
Friday,30/09/2016,1:16:57,63.631,-19.109,7.1,0.5,35.85,5.7,N,Eyjafjallajökull
Friday,30/09/2016,1:15:40,63.64,-19.122,0,0.2,99,6.3,E,Goðabunga
Friday,30/09/2016,1:15:21,63.634,-19.112,0,0.4,99,6,N,Hábunga
Friday,30/09/2016,1:14:34,63.639,-19.099,0.1,0.5,99,6.5,N,Eyjafjallajökull
Friday,30/09/2016,1:14:28,63.624,-19.088,0.1,0.3,99,4.9,N,Hábunga
Friday,30/09/2016,1:13:24,63.637,-19.114,0.1,0.3,99,6.3,N,Hábunga
Friday,30/09/2016,1:13:02,64.509,-17.712,12.3,1.4,99,5.3,ENE,Hamarinn
Friday,30/09/2016,1:12:08,64.816,-16.893,6.7,0.3,99,15.4,ENE,Kistufell
Friday,30/09/2016,1:10:20,63.635,-19.117,0.1,0.5,99,6.2,N,Hábunga
Friday,30/09/2016,1:09:59,63.631,-19.133,0.3,0.4,99,5.9,NNW,Hábunga
Friday,30/09/2016,1:09:49,63.626,-19.104,0.1,0.6,99,5.1,N,Hábunga
Friday,30/09/2016,1:07:12,63.625,-19.138,0.1,1,99,5.3,NNW,Hábunga
Friday,30/09/2016,1:02:40,63.62,-19.111,0.1,2.5,99,4.5,N,Hábunga
Friday,30/09/2016,0:58:19,63.625,-19.124,0.1,1.2,99,5.1,NNW,Hábunga
Friday,30/09/2016,0:55:06,63.625,-19.122,0.1,1.5,99,5.1,NNW,Hábunga
Friday,30/09/2016,0:50:01,63.62,-19.082,1.8,0.6,99,4.6,NNE,Hábunga
Friday,30/09/2016,0:47:21,63.64,-19.162,0.1,1.4,99,4.3,E,Goðabunga
Friday,30/09/2016,0:44:01,63.619,-19.103,0.1,0.7,99,4.4,N,Hábunga
Friday,30/09/2016,0:39:23,63.621,-19.109,0,1.7,99,4.6,N,Hábunga
Friday,30/09/2016,0:37:09,63.622,-19.12,0.1,1.9,99,4.8,NNW,Hábunga
Friday,30/09/2016,0:33:04,63.623,-19.117,0.1,0.7,99,4.9,N,Grenivík
Friday,30/09/2016,0:15:19,64.628,-17.467,0.1,0.8,99,3.2,ESE,Bárðarbunga
Friday,30/09/2016,0:05:20,63.627,-19.124,0.1,0.9,99,5.4,NNW,Hábunga
Friday,30/09/2016,0:01:52,63.621,-19.128,0.1,2.7,99,4.8,NNW,Hábunga
Friday,30/09/2016,23:02:16,63.624,-19.106,0.1,0.9,99,4.9,N,Hábunga
Friday,30/09/2016,22:52:10,64.028,-21.215,3.9,0.8,99,3.3,NNW,Hveragerði
Friday,30/09/2016,22:43:58,63.619,-19.12,0.1,1.2,99,4.4,NNW,Hábunga
Friday,30/09/2016,21:51:26,63.625,-19.128,0.1,0.4,99,5.2,NNW,Hábunga
Friday,30/09/2016,21:50:51,63.929,-21.365,8.5,0.6,99,2,SE,Raufarhólshellir
Friday,30/09/2016,21:46:09,63.626,-19.131,0.1,1,99,5.4,NNW,Hábunga
Friday,30/09/2016,21:21:29,63.628,-19.072,0.1,0.7,99,5.5,NNE,Hábunga
Friday,30/09/2016,21:18:19,63.622,-19.087,0.1,0.8,99,4.7,N,Hábunga
Friday,30/09/2016,19:47:18,63.608,-19.101,1.1,0.8,90.04,3.1,N,Hábunga
Friday,30/09/2016,19:25:19,63.869,-22.308,7.1,1.8,99,4,SSW,Fagradalsfjall
Friday,30/09/2016,19:22:11,63.614,-19.089,1.1,0.2,75.93,3.8,N,Hábunga
Friday,30/09/2016,19:11:34,64.502,-17.674,9.1,1.6,99,6.7,ENE,Hamarinn
Friday,30/09/2016,19:01:47,64.662,-17.385,0.1,0.5,99,7.2,ENE,Bárðarbunga
Friday,30/09/2016,18:55:53,64.679,-17.449,2.8,1.1,99,5.7,NE,Bárðarbunga
Friday,30/09/2016,18:16:39,63.619,-19.098,0.1,1.5,99,4.3,N,Hábunga
Friday,30/09/2016,18:15:05,63.615,-19.126,0.1,1.7,99,4.1,NNW,Hábunga
Friday,30/09/2016,18:06:56,63.616,-19.126,0.1,1.7,99,4.2,NNW,Hábunga
Friday,30/09/2016,17:33:42,63.622,-19.106,0.1,1.5,99,4.7,N,Hábunga
Friday,30/09/2016,16:48:18,63.62,-19.123,0.1,1.7,99,4.6,NNW,Hábunga
Friday,30/09/2016,16:38:09,63.621,-19.107,0.1,1.2,99,4.5,N,Eyjafjallajökull
Friday,30/09/2016,16:12:01,63.934,-20.765,3.6,0.7,99,5.5,W,Þjórsárbrú
Friday,30/09/2016,15:48:52,63.627,-19.123,0.1,0.8,99,5.3,NNW,Grenivík
Friday,30/09/2016,15:40:02,63.623,-19.118,0.1,1.2,99,4.8,N,Hábunga
Friday,30/09/2016,14:49:01,63.622,-19.116,0.1,1.7,99,4.7,N,Hábunga
Friday,30/09/2016,14:25:15,65.091,-16.788,4.5,0.8,99,6.6,SSE,Lokatindur
Friday,30/09/2016,13:39:19,66.563,-17.742,13.2,1.4,99,12,ENE,Grímsey
Friday,30/09/2016,12:13:25,63.614,-19.151,0.2,3.2,99,4.6,NW,Hábunga
Friday,30/09/2016,12:11:40,63.626,-19.123,0.1,2.1,99,5.2,NNW,Hábunga
Friday,30/09/2016,12:09:18,63.623,-19.105,0,3.6,99,4.8,N,Grenivík
Friday,30/09/2016,11:07:16,63.614,-19.108,0.1,1.3,99,3.8,N,Hábunga
Friday,30/09/2016,9:40:01,63.947,-21.048,7.1,0.2,99,2.3,WNW,Selfoss
Friday,30/09/2016,8:40:49,63.619,-19.119,0.1,2,99,4.4,NNW,Eyjafjallajökull
Friday,30/09/2016,6:59:51,63.838,-22.651,8,0.7,99,5,NNE,Reykjanestá
Friday,30/09/2016,5:43:35,63.613,-19.16,0,2.4,99,4.7,NW,Hábunga
Friday,30/09/2016,4:11:03,63.623,-19.112,0.1,1.9,99,4.8,N,Hábunga
Friday,30/09/2016,3:48:23,63.867,-22.294,7.8,0.9,99,4,SSW,Fagradalsfjall
Friday,30/09/2016,3:06:44,63.626,-19.13,0.1,1.2,99,5.4,NNW,Þeistareykir
Friday,30/09/2016,2:50:15,63.625,-19.12,0.1,1,99,5.1,N,Hábunga
Friday,30/09/2016,2:29:35,63.623,-19.121,0.1,1.2,99,4.9,NNW,Hábunga
Friday,30/09/2016,2:26:27,63.623,-19.118,0.1,0.8,99,4.8,N,Hábunga
Friday,30/09/2016,2:26:05,63.626,-19.131,0.1,0.9,99,5.3,NNW,Hábunga
Friday,30/09/2016,2:04:16,63.622,-19.131,0.1,1.4,99,4.9,NNW,Hábunga
Friday,30/09/2016,1:33:13,63.628,-19.133,0.1,0.5,99,5.5,NNW,Hábunga
Friday,30/09/2016,1:18:40,63.639,-19.098,0.1,2.4,99,6.5,N,Hábunga
Friday,30/09/2016,1:16:57,63.631,-19.109,7.1,0.5,35.85,5.7,N,Hábunga
Friday,30/09/2016,1:14:34,63.639,-19.099,0.1,0.5,99,6.5,N,Hábunga
Friday,30/09/2016,0:33:04,63.623,-19.117,0.1,0.7,99,4.9,N,Hábunga
Friday,30/09/2016,23:42:01,63.622,-19.124,0.1,0.4,99,4.9,NNW,Hábunga
Friday,30/09/2016,23:41:01,63.626,-19.126,0.1,0.1,99,5.3,NNW,Hábunga
Friday,30/09/2016,23:37:45,63.624,-19.099,0.1,0.2,99,4.9,N,Hábunga
Friday,30/09/2016,23:24:19,63.619,-19.101,0.1,0.6,99,4.3,N,Hábunga
Friday,30/09/2016,23:13:40,63.624,-19.1,0.1,0.5,99,4.8,N,Hábunga
Friday,30/09/2016,23:12:52,63.625,-19.11,0.1,0.6,99,5.1,N,Hábunga
Monday,3/10/2016,19:11:37,64.766,-17.86,4,1.3,63.22,10.8,ENE,Nýidalur
Monday,3/10/2016,18:49:39,66.572,-17.659,1.1,0.2,79.12,15.9,ENE,Grímsey
Monday,3/10/2016,17:51:37,64.681,-17.47,1.1,1.6,74.28,5.3,NNE,Bárðarbunga
Monday,3/10/2016,16:36:04,64.657,-17.426,0.6,0.7,36.11,5.2,ENE,Bárðarbunga
Monday,3/10/2016,15:50:05,65.165,-16.471,6.5,1.2,99,5.8,W,Herðubreið
Monday,3/10/2016,15:39:05,63.954,-20.774,8.6,1.2,99,6.4,WNW,Þjórsárbrú
Monday,3/10/2016,14:37:41,64.771,-17.853,3.5,2.5,99,11.4,ENE,Nýidalur
Monday,3/10/2016,13:41:00,66.224,-17.232,9.6,0.8,99,20.8,NNE,Húsavík
Monday,3/10/2016,13:29:53,64.649,-17.438,4.3,1.8,99,4.3,ENE,Bárðarbunga
Monday,3/10/2016,13:24:22,64.618,-17.489,10.2,1.1,99,3.1,SE,Bárðarbunga
Monday,3/10/2016,13:06:55,63.62,-19.125,0.1,0.9,99,4.6,NNW,Hábunga
Monday,3/10/2016,12:08:28,63.58,-18.832,0.1,0.4,99,13.3,E,Hábunga
Monday,3/10/2016,12:01:55,65.078,-16.553,5.2,0.3,99,5.1,NNE,Dreki
Monday,3/10/2016,11:46:18,65.152,-16.432,6.4,0.9,99,4.6,WSW,Herðubreið
Monday,3/10/2016,10:06:43,63.875,-22.309,5.1,1.6,99,3.5,SSW,Fagradalsfjall
Monday,3/10/2016,10:06:15,63.58,-18.806,0.1,0.4,99,14.5,E,Hábunga
Monday,3/10/2016,10:03:02,63.981,-22.151,0.7,0.7,99,4.5,NNE,Keilir
Monday,3/10/2016,9:27:51,64.65,-17.359,0.2,2.1,99,8.1,E,Bárðarbunga
Monday,3/10/2016,9:02:05,65.033,-16.692,4.5,1,99,4.2,W,Dreki
Monday,3/10/2016,7:55:02,63.57,-18.79,0.1,0.5,99,15.4,E,Hábunga
Monday,3/10/2016,7:30:32,63.936,-20.765,3,0.5,99,5.5,W,Þjórsárbrú
Monday,3/10/2016,7:15:13,65.188,-16.266,6.7,1,99,1.7,WSW,Herðubreiðarlindir
Monday,3/10/2016,6:17:20,63.582,-18.819,0.8,0.8,99,13.9,E,Hábunga
Monday,3/10/2016,5:20:38,66.585,-17.8,1.1,1.4,99,10.4,ENE,Grímsey
Monday,3/10/2016,5:12:24,63.971,-22.168,4.2,2.1,99,3.3,N,Keilir
Monday,3/10/2016,2:57:50,63.891,-22.29,8.7,1.4,99,1.5,SSW,Fagradalsfjall
Monday,3/10/2016,2:55:53,66.629,-17.919,11.8,1.2,99,10.5,NNE,Grímsey
Monday,3/10/2016,2:15:28,63.867,-22.327,1.7,1.5,99,4.7,SSW,Fagradalsfjall
Monday,3/10/2016,1:48:44,64.645,-17.482,2.7,2.9,99,2.2,ENE,Bárðarbunga
Monday,3/10/2016,1:35:14,63.964,-20.145,7.6,1,99,10.1,SSE,Árnes
Monday,3/10/2016,1:09:13,64.685,-17.511,2.6,1.6,99,5,N,Bárðarbunga
Monday,3/10/2016,0:26:34,63.937,-20.763,2,1,99,5.4,W,Þjórsárbrú
Monday,3/10/2016,0:24:39,63.874,-22.313,3.6,1.4,99,3.7,SSW,Fagradalsfjall
Monday,3/10/2016,0:15:56,63.889,-22.299,6.9,1.8,99,1.9,SW,Fagradalsfjall
Monday,3/10/2016,0:15:25,63.882,-22.302,5.6,2.3,99,2.7,SSW,Fagradalsfjall
Monday,3/10/2016,0:12:29,63.883,-22.303,6,2.2,99,2.6,SSW,Fagradalsfjall
Monday,3/10/2016,23:46:10,65.867,-16.979,4.4,0.6,99,1.4,SW,Þeistareykir
Monday,3/10/2016,22:53:48,64.638,-17.418,2,2.5,99,5.2,E,Bárðarbunga
Monday,3/10/2016,22:19:54,64.581,-20.261,4.9,1.5,99,22.2,SSE,Eyjafjallajökull
Monday,3/10/2016,22:11:19,66.631,-18.007,15.7,0.8,99,10,N,Grímsey
Monday,10/10/2016,21:46:06,63.616,-19.138,4.3,0.6,90.01,4.4,NNW,Hábunga
Monday,10/10/2016,19:08:30,63.625,-19.124,1.1,0.5,90.01,5.1,NNW,Hábunga
Monday,10/10/2016,16:56:19,65.026,-16.666,4.8,0.8,41.96,3.2,WSW,Dreki
Monday,10/10/2016,14:51:22,66.282,-18.672,9.4,0.9,99,19.7,NE,Siglufjörður
Monday,10/10/2016,14:45:51,66.78,-17.974,7.2,1.2,99,26.6,N,Grímsey
Monday,10/10/2016,12:29:44,63.623,-18.885,0.1,0.4,99,11.7,ENE,Hábunga
Monday,10/10/2016,12:27:42,65.168,-16.353,9.4,0.9,99,0.8,SSW,Herðubreið
Monday,10/10/2016,12:14:12,66.389,-17.061,12.3,0.8,99,28.9,WNW,Kópasker
Monday,10/10/2016,11:34:54,65.177,-16.341,8.4,0.5,99,0.5,NE,Herðubreið
Monday,10/10/2016,10:58:38,66.413,-17.177,10.4,0.8,99,34.6,WNW,Kópasker
Monday,10/10/2016,10:29:01,64.405,-17.295,1.7,1.8,99,1.1,W,Grímsfjall
Monday,10/10/2016,7:02:32,63.658,-19.065,0.1,1.5,99,8.8,NNE,Hábunga
Monday,10/10/2016,5:07:33,63.855,-22.31,2.5,1,67.26,5.6,SSW,Fagradalsfjall
Monday,10/10/2016,3:39:10,63.643,-19.304,0.1,0.6,99,2.7,W,Goðabunga
Monday,10/10/2016,0:37:13,66.583,-17.777,1.5,1.2,99,11.2,ENE,Grímsey
Monday,10/10/2016,0:35:55,66.634,-17.866,12.4,2.3,99,12.1,NNE,Grímsey
Monday,10/10/2016,0:28:05,63.649,-19.318,0.1,1.1,99,3.5,WNW,Goðabunga
Monday,10/10/2016,22:39:06,63.892,-22.071,5.4,1.4,99,0.6,NNW,Krýsuvík
Monday,10/10/2016,21:53:50,64.013,-20.414,9.2,0.2,99,8.6,WSW,Árnes
Monday,10/10/2016,21:46:05,63.622,-19.124,0.1,1.3,99,4.9,NNW,Hábunga
Monday,10/10/2016,21:02:15,65.086,-16.657,14.8,0.4,99,5.9,NNW,Dreki
Monday,10/10/2016,20:47:49,64.05,-21.355,3.4,0,99,2.5,NE,Hellisheiði
Monday,10/10/2016,19:36:27,63.946,-21.136,7.9,0.3,99,6.5,W,Selfoss
Monday,10/10/2016,19:09:26,63.83,-22.733,4.1,1.3,99,3.6,NNW,Reykjanestá
Monday,10/10/2016,19:08:30,63.624,-19.127,0.1,0.8,99,5.1,NNW,Hábunga
Monday,10/10/2016,18:31:19,63.92,-20.779,3.2,0.1,99,6.3,WSW,Þjórsárbrú
Monday,10/10/2016,16:56:19,65.03,-16.669,5.4,0.8,99,3.2,WSW,Dreki
Monday,10/10/2016,16:07:42,65.169,-16.359,7.1,0.5,99,0.7,SW,Herðubreið
Monday,10/10/2016,15:31:23,64.452,-17.352,2.5,0.8,99,6.5,NW,Grímsfjall
Monday,10/10/2016,14:51:22,66.282,-18.672,9.4,0.9,99,19.7,NE,Þeistareykir
Monday,10/10/2016,14:45:51,66.78,-17.974,7.2,1.3,99,26.6,N,Grímsey
Monday,10/10/2016,14:27:03,65.22,-16.339,9.7,0.4,99,5.1,N,Herðubreið
Monday,10/10/2016,11:55:02,63.661,-19.077,0.1,1.9,99,8.8,ENE,Goðabunga
Monday,10/10/2016,11:20:20,65.028,-16.684,3.9,0.5,99,3.9,WSW,Dreki
Monday,10/10/2016,7:02:32,63.658,-19.065,0.1,1.5,99,8.8,NNE,Eyjafjallajökull
Saturday,1/10/2016,19:18:45,64.576,-20.284,4.3,1.3,35.93,22.4,SSE,Eyjafjallajökull
Saturday,1/10/2016,18:31:31,64.564,-20.287,2.9,1.7,90.02,23.7,SSE,Eyjafjallajökull
Saturday,1/10/2016,18:11:43,64.586,-20.261,4,1,55.19,21.6,SSE,Eyjafjallajökull
Saturday,1/10/2016,17:34:00,64.805,-16.902,5.1,0.7,50.74,14.7,E,Kistufell
Saturday,1/10/2016,17:20:31,64.819,-16.95,3.5,0.7,34.7,12.9,ENE,Kistufell
Saturday,1/10/2016,17:01:02,63.618,-19.1,0.1,2.6,99,4.3,N,Hábunga
Saturday,1/10/2016,17:00:00,64.588,-20.251,3.9,1.5,99,21.5,SSE,Eyjafjallajökull
Saturday,1/10/2016,16:43:09,64.588,-20.25,4,1.3,99,21.6,SSE,Eyjafjallajökull
Saturday,1/10/2016,16:37:51,63.934,-20.776,5.9,0.1,99,6,W,Þjórsárbrú
Saturday,1/10/2016,16:23:20,63.646,-19.346,0,2.2,99,4.8,W,Goðabunga
Saturday,1/10/2016,16:17:11,64.582,-20.276,4,0.9,43.89,21.8,SSE,Eyjafjallajökull
Saturday,1/10/2016,15:50:00,64.589,-20.256,3.2,1.3,99,21.3,SSE,Eyjafjallajökull
Saturday,1/10/2016,15:29:16,64.582,-20.281,4.1,1.9,99,21.7,SSE,Eyjafjallajökull
Saturday,1/10/2016,14:50:08,65.221,-16.336,5.3,0.9,99,5.3,N,Herðubreið
Saturday,1/10/2016,14:00:04,65.701,-16.802,2.7,0.5,99,2.5,WSW,Krafluvirkjun
Saturday,1/10/2016,13:36:59,64.816,-16.891,4.3,0.4,90.01,15.5,ENE,Kistufell
Saturday,1/10/2016,12:56:25,65.22,-16.332,7.5,0.7,99,5.2,N,Herðubreið
Saturday,1/10/2016,12:33:39,64.833,-16.856,2.4,0.1,99,17.6,ENE,Kistufell
Saturday,1/10/2016,12:24:34,64.807,-16.901,6.9,0.4,99,14.8,ENE,Kistufell
Saturday,1/10/2016,12:19:02,64.489,-17.772,3.8,1.3,99,1.8,E,Hamarinn
Saturday,1/10/2016,12:13:38,64.051,-21.371,3.1,0.1,99,2,NE,Hellisheiði
Saturday,1/10/2016,12:02:11,64.789,-17.533,4.4,0.4,99,15.4,W,Kistufell
Saturday,1/10/2016,11:00:12,63.895,-22.5,5.2,1.7,99,6.8,NNW,Grindaví­k
Saturday,1/10/2016,10:42:07,66.564,-17.708,10.7,1.2,99,13.6,E,Grímsey
Saturday,1/10/2016,10:36:53,65.222,-16.347,10,0.8,99,5.3,N,Herðubreið
Saturday,1/10/2016,10:21:51,63.864,-19.827,4.5,0.7,99,10.6,SW,Vatnajökull
Saturday,1/10/2016,10:16:48,67.177,-18.66,1.1,1.8,99,3.3,NNE,Kolbeinsey
Saturday,1/10/2016,10:16:47,67.056,-19.202,0.1,1.9,99,24.8,WSW,Kolbeinsey
Saturday,1/10/2016,10:15:59,67.152,-18.762,2.6,2.2,99,3.6,W,Kolbeinsey
Saturday,1/10/2016,10:15:58,67.149,-18.852,1.1,1.2,47.94,7.4,W,Kolbeinsey
Saturday,1/10/2016,10:08:18,67.154,-18.787,5,2.4,99,4.6,W,Kolbeinsey
Saturday,1/10/2016,10:01:14,67.12,-18.718,10,2.5,99,3.5,SSW,Kolbeinsey
Saturday,1/10/2016,9:37:34,64.577,-20.282,3.7,0.9,99,22.3,SSE,Eyjafjallajökull
Saturday,1/10/2016,9:33:08,67.168,-18.725,10,2.7,99,3,NW,Kolbeinsey
Saturday,1/10/2016,9:12:20,63.935,-20.762,2.6,0.1,99,5.4,W,Þjórsárbrú
Saturday,1/10/2016,9:00:09,63.625,-19.096,0.1,0.7,99,5,N,Hábunga
Saturday,1/10/2016,8:43:00,64.834,-16.868,8.4,0.6,99,17.2,ENE,Kistufell
Saturday,1/10/2016,8:36:06,63.619,-19.134,0.1,1.2,99,4.7,NNW,Hábunga
Saturday,1/10/2016,7:06:30,64.576,-20.287,4.1,1.2,99,22.3,SSE,Eyjafjallajökull
Saturday,1/10/2016,6:12:33,65.224,-16.343,6.8,1.6,99,5.5,N,Herðubreið
Saturday,1/10/2016,6:04:58,66.256,-16.738,7.1,0.8,99,13.7,WSW,Kópasker
Saturday,1/10/2016,5:55:17,64.814,-16.888,12.4,0.6,99,15.6,ENE,Kistufell
Saturday,1/10/2016,5:53:36,63.619,-19.101,0.1,0.4,99,4.3,N,Hábunga
Saturday,1/10/2016,5:39:44,63.62,-19.112,0.1,1.5,99,4.5,N,Hábunga
Saturday,1/10/2016,5:19:46,66.629,-17.918,10.7,1.1,99,10.5,NNE,Grímsey
Saturday,1/10/2016,5:10:21,63.624,-19.09,0.1,2,99,5,N,Hábunga
Saturday,1/10/2016,5:03:50,63.627,-19.11,0.1,0.6,99,5.2,N,Hábunga
Saturday,1/10/2016,4:58:08,63.545,-19.119,0.1,0.7,99,4,SSW,Hábunga
Saturday,1/10/2016,4:56:49,63.876,-22.292,1.1,0.5,99,3.1,SSW,Fagradalsfjall
Saturday,1/10/2016,4:27:08,65.224,-16.338,5.2,1.1,99,5.5,N,Herðubreið
Saturday,1/10/2016,4:25:28,63.869,-22.298,6.1,0.9,99,3.9,SSW,Fagradalsfjall
Saturday,1/10/2016,4:23:11,63.614,-19.106,0.1,1,99,3.8,N,Hábunga
Saturday,1/10/2016,4:06:28,63.624,-19.13,0.1,0.3,99,5.1,NNW,Hábunga
Saturday,1/10/2016,3:17:46,63.667,-19.09,0.1,1.1,99,8.4,ENE,Goðabunga
Saturday,1/10/2016,3:04:56,63.622,-19.119,0.1,2.7,99,4.8,NNW,Hábunga
Saturday,1/10/2016,2:12:58,63.625,-19.145,0.1,0.7,99,5.4,NNW,Hábunga
Saturday,1/10/2016,2:07:49,63.875,-22.325,12,0.2,99,3.9,SW,Fagradalsfjall
Saturday,1/10/2016,2:04:43,63.624,-19.125,0.1,0.5,99,5.1,NNW,Hábunga
Saturday,1/10/2016,2:01:13,63.622,-19.101,0.1,0.4,99,4.7,N,Hábunga
Saturday,1/10/2016,1:47:32,63.624,-19.106,0.1,0.8,99,4.9,N,Hábunga
Saturday,1/10/2016,1:38:48,63.626,-19.106,0.1,0.3,99,5.1,N,Hábunga
Saturday,1/10/2016,1:36:19,63.891,-22.085,4,1.1,99,1,WNW,Krýsuvík
Saturday,1/10/2016,1:19:13,63.625,-19.129,0.1,0.2,99,5.2,NNW,Hábunga
Saturday,1/10/2016,1:15:57,63.623,-19.119,0.1,1.2,99,4.9,N,Hábunga
Saturday,1/10/2016,1:12:07,63.624,-19.113,0.1,2.1,99,4.9,N,Hábunga
Saturday,1/10/2016,1:07:57,63.625,-19.121,0.1,0.7,99,5.1,NNW,Hábunga
Saturday,1/10/2016,1:01:00,64.568,-20.312,3.3,1.3,99,23,S,Eyjafjallajökull
Saturday,1/10/2016,0:54:09,63.62,-19.108,0.1,1.3,99,4.5,N,Hábunga
Saturday,1/10/2016,0:52:58,63.621,-19.126,0.1,1,99,4.7,NNW,Hábunga
Saturday,1/10/2016,0:35:21,64.029,-21.215,5.5,0.8,99,3.5,NNW,Hveragerði
Saturday,1/10/2016,0:16:24,64.784,-17.053,6.1,1.9,99,7.4,E,Kistufell
Saturday,1/10/2016,0:15:16,66.258,-16.737,7,1,99,13.7,WSW,Kópasker
Saturday,1/10/2016,0:14:12,63.624,-19.094,0.1,0.5,99,4.9,N,Hábunga
Saturday,1/10/2016,23:54:00,66.266,-16.615,6.8,0.6,99,8.3,WSW,Kópasker
Saturday,1/10/2016,23:53:16,64.591,-17.153,16.3,0.7,99,18.7,ESE,Bárðarbunga
Saturday,1/10/2016,23:46:49,63.858,-22.309,8,0.4,99,5.2,SSW,Fagradalsfjall
Saturday,1/10/2016,23:44:56,63.873,-22.291,4.4,0.9,99,3.4,SSW,Fagradalsfjall
Saturday,1/10/2016,23:36:03,64.431,-17.236,6.1,0.3,99,3.5,NNE,Grímsfjall
Saturday,1/10/2016,23:29:01,63.606,-19.646,3.5,1.3,99,11.3,SW,Básar
Saturday,1/10/2016,23:11:03,65.221,-16.347,9.9,0.8,99,5.2,N,Herðubreið
Saturday,1/10/2016,22:57:52,66.54,-17.701,7.6,1.2,99,13.7,E,Grímsey
Saturday,1/10/2016,22:25:50,64.573,-20.283,4.7,1.2,99,22.7,SSE,Eyjafjallajökull
Saturday,1/10/2016,22:02:57,63.604,-19.408,5.1,1.4,67.8,8.8,WSW,Goðabunga
Saturday,1/10/2016,21:53:13,63.721,-19.278,6.8,1,32.77,9.1,N,Goðabunga
Saturday,1/10/2016,21:52:00,63.689,-19.332,7.7,1.2,31.14,6.8,NW,Goðabunga
Saturday,1/10/2016,20:43:02,66.201,-17.642,10.8,0.4,99,9.7,ENE,Flatey
Saturday,1/10/2016,20:22:29,63.941,-20.441,8.6,0.2,99,10.4,E,Þjórsárbrú
Saturday,1/10/2016,20:06:33,65.026,-16.671,3.6,0.9,99,3.4,WSW,Dreki
Saturday,1/10/2016,19:52:25,63.938,-20.768,3.8,0.1,99,5.7,W,Þjórsárbrú
Saturday,1/10/2016,19:25:47,63.626,-19.103,0.1,0.5,99,5.1,N,Hábunga
Saturday,1/10/2016,19:18:44,64.585,-20.253,4.7,0.9,99,21.9,SSE,Eyjafjallajökull
Saturday,1/10/2016,19:03:20,64.023,-21.633,9.1,0.2,99,4.4,N,Bláfjallaskáli
Saturday,1/10/2016,18:58:19,63.936,-20.763,3,0.1,99,5.4,W,Þjórsárbrú
Saturday,1/10/2016,18:32:45,63.627,-19.096,0.1,0.6,99,5.2,N,Hábunga
Saturday,1/10/2016,18:31:31,64.589,-20.265,10,1.9,99,21.2,SSE,Eyjafjallajökull
Saturday,1/10/2016,18:15:48,63.937,-20.763,4.3,1.6,99,5.4,W,Þjórsárbrú
Saturday,1/10/2016,18:11:43,64.586,-20.252,6.9,1.4,99,21.7,SSE,Eyjafjallajökull
Saturday,1/10/2016,17:48:59,64.582,-20.257,4.4,0.9,99,22,SSE,Eyjafjallajökull
Saturday,1/10/2016,17:34:00,64.806,-16.903,5.9,0.6,99,14.7,E,Kistufell
Saturday,1/10/2016,17:28:51,63.626,-19.142,0.1,0.7,99,5.5,NNW,Hábunga
Saturday,1/10/2016,17:20:32,64.821,-16.881,11.8,0.3,99,16.1,ENE,Kistufell
Saturday,1/10/2016,17:08:10,64.063,-21.438,7,0.6,99,3.1,E,Litla Kaffist
Saturday,1/10/2016,16:43:09,64.588,-20.25,4,1.4,99,21.6,SSE,Eyjafjallajökull
Saturday,1/10/2016,15:46:55,64.798,-17.273,11.2,0.6,99,3.6,WNW,Kistufell
Saturday,1/10/2016,14:25:23,65.032,-16.662,4.6,0.8,99,2.8,WSW,Dreki
Saturday,1/10/2016,14:00:04,65.701,-16.802,2.7,0.2,99,2.5,WSW,Krafluvirkjun
Saturday,1/10/2016,13:43:44,64.614,-17.523,0.1,0.2,99,2.9,S,Bárðarbunga
Saturday,1/10/2016,13:36:59,64.816,-16.897,7.2,0.5,99,15.2,ENE,Kistufell
Saturday,1/10/2016,13:35:12,64.424,-17.311,12,0.7,99,2.8,NW,Grímsfjall
Saturday,1/10/2016,12:30:38,66.34,-19.021,10.5,0.9,99,22,N,Siglufjörður
Saturday,1/10/2016,10:59:00,67.199,-18.7,7.2,2.1,99,5.7,N,Kolbeinsey
Saturday,1/10/2016,10:09:59,67.199,-18.72,6.7,3,99,5.9,NNW,Kolbeinsey
Saturday,1/10/2016,9:12:55,67.163,-18.761,5,2.3,99,3.9,WNW,Kolbeinsey
Saturday,1/10/2016,7:37:12,64.397,-17.29,0.3,0.7,99,1.1,SW,Grímsfjall
Saturday,1/10/2016,7:14:49,63.94,-19.117,1,0.8,99,6.2,SSW,Landmannalaugar
Saturday,1/10/2016,6:57:55,63.879,-22.484,4.7,0.5,99,4.9,NNW,Grindaví­k
Saturday,1/10/2016,5:30:25,64.848,-16.857,6.4,0.5,99,18.2,ENE,Kistufell
Saturday,1/10/2016,4:10:54,63.882,-22.488,3,0.6,99,5.3,NNW,Grindaví­k
Saturday,8/10/2016,19:33:59,64.068,-18.662,3.3,0.2,41.71,20.8,W,Laki
Saturday,8/10/2016,16:28:14,66.639,-17.814,10.9,0.2,56.75,13.8,NE,Grímsey
Saturday,8/10/2016,15:33:04,63.583,-19.126,0.1,0.7,99,1.3,WNW,Hábunga
Saturday,8/10/2016,14:38:24,66.603,-17.81,11.7,1.2,99,11.2,NE,Grímsey
Saturday,8/10/2016,12:09:16,66.286,-16.977,4.1,0.5,99,23.5,W,Kópasker
Saturday,8/10/2016,11:53:57,66.799,-18.415,7.2,0.7,76.95,33.7,NNW,Grímsey
Saturday,8/10/2016,11:53:56,66.838,-18.339,11.2,1.6,99,36,NNW,Grímsey
Saturday,8/10/2016,11:51:18,64.09,-19.788,17.6,0.9,99,2.9,SE,Búrfellsstöð
Saturday,8/10/2016,11:44:20,63.623,-19.102,0.1,0.9,99,4.8,N,Hábunga
Saturday,8/10/2016,8:55:52,65.039,-16.751,8.7,0.5,99,6.9,W,Dreki
Saturday,8/10/2016,7:18:05,66.284,-17,9.5,1.2,99,24.6,W,Kópasker
Saturday,8/10/2016,6:41:20,63.875,-22.095,5.8,1.7,99,2,SW,Krýsuvík
Saturday,8/10/2016,3:11:15,65.108,-16.459,5.2,0.4,99,4.1,WNW,Herðubreiðarfjöll
Saturday,8/10/2016,1:21:25,64.816,-16.893,10.3,0.8,99,15.4,ENE,Kistufell
Saturday,8/10/2016,1:15:01,66.595,-17.865,9.1,0.3,99,8.7,NE,Grímsey
Saturday,8/10/2016,1:12:54,65.102,-16.699,18.2,0.8,99,8.4,NNW,Dreki
Saturday,8/10/2016,0:02:52,66.28,-16.99,6.5,0.8,99,24.1,W,Kópasker
Saturday,8/10/2016,23:06:14,63.66,-19.31,0.1,0.9,99,3.7,NW,Goðabunga
Saturday,8/10/2016,21:48:17,65.03,-16.588,5.7,0.6,99,1.2,SE,Dreki
Saturday,8/10/2016,21:13:56,63.619,-19.098,0.1,1.6,99,4.4,N,Hábunga
Saturday,8/10/2016,19:47:19,63.934,-20.422,11.5,0.7,99,10.9,N,Hella
Saturday,8/10/2016,19:33:59,64.064,-18.654,4.4,0.9,99,20.4,W,Laki
Saturday,8/10/2016,18:48:40,66.281,-16.996,6.5,1,99,24.4,W,Kópasker
Saturday,8/10/2016,17:35:31,66.281,-16.993,4.6,0.8,99,24.3,W,Kópasker
Saturday,8/10/2016,17:25:40,65.869,-16.986,4.3,0.4,99,1.5,WSW,Þeistareykir
Saturday,8/10/2016,16:33:06,64.618,-17.287,3.3,0.4,99,11.7,ESE,Bárðarbunga
Saturday,8/10/2016,16:28:14,66.594,-17.749,1.2,1,99,12.9,ENE,Grímsey
Saturday,8/10/2016,16:24:02,64.671,-17.413,0.4,0.9,99,6.4,ENE,Bárðarbunga
Saturday,8/10/2016,16:06:37,66.236,-16.721,5,0.6,99,14.1,WSW,Kópasker
Sunday,2/10/2016,22:22:20,63.629,-19.538,13.5,1.1,72.15,6,SSW,Básar
Sunday,2/10/2016,22:21:09,63.705,-19.489,6.3,1.4,36.4,3.1,N,Básar
Sunday,2/10/2016,21:44:59,65.153,-16.3,11.8,1.2,40.04,3.3,SE,Herðubreið
Sunday,2/10/2016,21:39:46,63.934,-20.767,2.8,0.5,99,5.6,W,Þjórsárbrú
Sunday,2/10/2016,21:39:09,63.934,-20.766,2.8,0.8,99,5.5,W,Þjórsárbrú
Sunday,2/10/2016,21:36:32,63.935,-20.767,3,1.5,99,5.6,W,Þjórsárbrú
Sunday,2/10/2016,21:34:37,63.928,-20.785,6,0.6,99,6.4,W,Þjórsárbrú
Sunday,2/10/2016,21:23:55,63.934,-20.764,1.7,0.8,99,5.4,W,Þjórsárbrú
Sunday,2/10/2016,21:21:23,63.935,-20.767,3.4,1.5,99,5.6,W,Þeistareykir
Sunday,2/10/2016,21:20:39,63.933,-20.768,3.8,2,99,5.6,W,Þjórsárbrú
Sunday,2/10/2016,21:06:25,63.934,-20.768,2.9,1.1,99,5.6,W,Þjórsárbrú
Sunday,2/10/2016,17:36:52,65.221,-16.341,6.7,0.9,90.01,5.2,N,Herðubreið
Sunday,2/10/2016,15:09:15,64.703,-16.988,3.4,0.8,99,13.6,SE,Kistufell
Sunday,2/10/2016,14:03:36,66.267,-17.519,13.2,0.9,99,18.3,NE,Flatey
Sunday,2/10/2016,14:01:26,66.278,-17.54,13.6,3.1,99,18.4,NE,Flatey
Sunday,2/10/2016,13:31:15,63.972,-20.147,4.5,0.9,99,9.2,SSE,Árnes
Sunday,2/10/2016,13:05:05,66.066,-17.351,6.2,1,99,2.7,N,Húsavík
Sunday,2/10/2016,12:08:51,65.641,-16.901,7,0.9,99,10.4,SW,Krafluvirkjun
Sunday,2/10/2016,10:32:06,64.056,-21.37,3.4,0.6,99,2.5,NNE,Hellisheiði
Sunday,2/10/2016,10:31:13,64.053,-21.374,4,0.6,99,2.1,NNE,Hellisheiði
Sunday,2/10/2016,10:29:52,64.058,-21.38,6.1,0.5,99,2.5,NNE,Hellisheiði
Sunday,2/10/2016,10:21:50,64.054,-21.379,5.7,0.2,99,2.1,NNE,Hellisheiði
Sunday,2/10/2016,10:18:43,65.023,-16.669,4,0,99,3.4,WSW,Dreki
Sunday,2/10/2016,10:18:00,65.025,-16.66,4.7,0.2,99,3,WSW,Dreki
Sunday,2/10/2016,10:05:17,64.798,-16.912,4.6,0.2,99,14.1,E,Kistufell
Sunday,2/10/2016,10:01:03,65.026,-16.669,5,0.5,99,3.3,WSW,Dreki
Sunday,2/10/2016,9:46:14,63.634,-19.188,4,0.5,99,3.1,ESE,Goðabunga
Sunday,2/10/2016,9:43:06,63.966,-20.791,6.6,0.3,99,7.7,WNW,Þjórsárbrú
Sunday,2/10/2016,9:34:38,64.785,-17.06,5.7,0.1,99,7,E,Kistufell
Sunday,2/10/2016,7:21:38,65.032,-16.459,22.3,1.5,99,6.9,E,Dreki
Sunday,2/10/2016,6:51:05,65.223,-16.344,6.4,0.4,99,5.4,N,Herðubreið
Sunday,2/10/2016,6:19:07,65.026,-16.614,4.9,0.1,99,1.5,SSW,Dreki
Sunday,2/10/2016,6:14:13,65.031,-16.663,5.6,0.1,99,2.9,WSW,Dreki
Sunday,2/10/2016,5:54:47,63.615,-19.135,0.9,0.5,99,4.3,NNW,Hábunga
Sunday,2/10/2016,5:17:10,63.615,-19.104,0.1,2,99,3.9,N,Hábunga
Sunday,2/10/2016,5:11:39,66.591,-17.735,12.3,1.2,99,13.3,ENE,Grímsey
Sunday,2/10/2016,4:43:56,64.561,-20.326,3.1,1.1,99,23.6,S,Eyjafjallajökull
Sunday,2/10/2016,3:36:16,64.113,-21.255,5.9,0.3,99,3.9,NE,Skeggi á Hengli
Sunday,2/10/2016,3:34:51,65.033,-16.7,4.9,0.3,99,4.5,W,Dreki
Sunday,2/10/2016,2:52:46,64.397,-17.3,1.1,0.7,99,1.5,WSW,Grímsfjall
Sunday,2/10/2016,2:37:38,63.825,-20.021,6,1.1,99,13.5,NE,Hvolsvöllur
Sunday,2/10/2016,1:48:16,66.626,-17.902,10.8,1.2,99,10.6,NNE,Grímsey
Sunday,2/10/2016,1:34:26,64.818,-16.889,7.4,0.3,99,15.7,ENE,Kistufell
Sunday,2/10/2016,1:23:59,65.221,-16.345,8.4,0.9,99,5.2,N,Herðubreið
Sunday,2/10/2016,0:56:42,65.029,-16.673,4.5,0.1,99,3.4,WSW,Dreki
Sunday,2/10/2016,23:48:05,63.864,-22.338,3.4,0.9,99,5.3,SW,Fagradalsfjall
Sunday,2/10/2016,23:41:03,63.889,-22.295,7,1.5,99,1.8,SW,Fagradalsfjall
Sunday,2/10/2016,23:40:23,63.883,-22.303,6.5,1.1,99,2.6,SW,Fagradalsfjall
Sunday,2/10/2016,22:35:02,63.879,-22.3,7.4,0.8,99,2.9,SSW,Fagradalsfjall
Sunday,2/10/2016,22:34:52,63.88,-22.307,4.9,0.8,99,2.9,SSW,Fagradalsfjall
Sunday,2/10/2016,22:33:22,63.888,-22.293,6.9,1.5,99,1.8,SSW,Fagradalsfjall
Sunday,2/10/2016,22:33:06,63.892,-22.295,6.2,1.9,99,1.5,SW,Fagradalsfjall
Sunday,2/10/2016,22:32:00,63.891,-22.291,6.5,1.2,99,1.5,SSW,Fagradalsfjall
Sunday,2/10/2016,21:44:59,65.152,-16.286,6.5,0.8,99,3.8,SE,Herðubreið
Sunday,2/10/2016,21:27:16,63.937,-20.778,6.1,0.5,99,6.1,W,Þjórsárbrú
Sunday,2/10/2016,21:21:23,63.935,-20.767,3.4,1.5,99,5.6,W,Þjórsárbrú
Sunday,2/10/2016,17:40:43,66.327,-17.521,9.5,1.4,99,22.9,NE,Flatey
Sunday,2/10/2016,17:36:52,65.222,-16.343,7.1,0.9,99,5.3,N,Herðubreið
Sunday,2/10/2016,16:46:49,66.22,-16.531,3.3,0.9,99,9.8,SSW,Kópasker
Sunday,2/10/2016,14:51:12,66.277,-17.522,14.9,0.9,99,18.9,NE,Flatey
Sunday,2/10/2016,5:54:47,63.615,-19.135,0.9,0.5,99,4.3,NNW,Eyjafjallajökull
Sunday,9/10/2016,20:06:59,64.622,-17.469,2.4,1.5,90.02,3.5,SE,Bárðarbunga
Sunday,9/10/2016,18:32:52,66.24,-18.371,7.8,0.9,90.01,8.8,NNW,Gjögurtá
Sunday,9/10/2016,16:13:51,64.401,-17.275,1.1,1.4,99,0.4,S,Grímsfjall
Sunday,9/10/2016,16:10:03,64.817,-16.899,9.9,0.5,99,15.2,ENE,Kistufell
Sunday,9/10/2016,15:23:56,63.581,-18.816,0.1,0.2,99,14.1,E,Hábunga
Sunday,9/10/2016,14:01:49,63.971,-20.705,3.3,0.1,99,5.1,NNW,Þjórsárbrú
Sunday,9/10/2016,13:32:25,66.289,-16.759,1.1,1.3,99,13.8,W,Kópasker
Sunday,9/10/2016,13:30:20,63.863,-22.139,6.2,1.3,99,4.5,SW,Krýsuvík
Sunday,9/10/2016,12:43:34,63.863,-22.184,1.2,0.5,99,6.2,SE,Fagradalsfjall
Sunday,9/10/2016,12:37:12,63.855,-22.165,4.1,1.2,99,6,SW,Krýsuvík
Sunday,9/10/2016,12:35:50,63.85,-22.19,1.4,0.9,99,7.1,SE,Fagradalsfjall
Sunday,9/10/2016,12:34:09,63.898,-22.112,5,1.8,99,2.6,WNW,Krýsuvík
Sunday,9/10/2016,12:32:40,63.868,-22.125,5.2,2,99,3.6,SW,Krýsuvík
Sunday,9/10/2016,12:32:40,63.926,-21.937,1.1,0.9,90.01,7.6,NE,Krýsuvík
Sunday,9/10/2016,12:32:39,63.901,-22.105,5.2,2.1,99,2.4,NW,Krýsuvík
Sunday,9/10/2016,12:32:05,63.828,-22.159,4.4,1.4,99,8.1,SW,Krýsuvík
Sunday,9/10/2016,11:28:45,63.81,-22.961,8.8,1.6,99,7.7,N,Eldey
Sunday,9/10/2016,11:28:38,63.822,-22.952,9.9,0.8,99,9,N,Eldey
Sunday,9/10/2016,10:10:50,63.652,-19.356,0.1,0.7,99,5.4,WNW,Goðabunga
Sunday,9/10/2016,10:00:48,63.58,-18.817,0.1,0.8,99,14,E,Hábunga
Sunday,9/10/2016,9:41:06,65.121,-16.317,9.7,0.2,99,4.9,NE,Herðubreiðarfjöll
Sunday,9/10/2016,9:33:31,63.934,-20.767,1.8,0.2,99,5.6,W,Þjórsárbrú
Sunday,9/10/2016,9:17:18,63.575,-18.808,0.1,0.7,99,14.4,E,Hábunga
Sunday,9/10/2016,8:39:41,66.646,-17.918,11.6,0.7,99,12.3,NNE,Grímsey
Sunday,9/10/2016,8:27:40,66.633,-17.737,11.1,1.2,99,15.8,NE,Grímsey
Sunday,9/10/2016,8:24:07,66.292,-16.738,6.3,0.6,99,12.8,W,Kópasker
Sunday,9/10/2016,7:30:33,66.645,-17.899,10.7,0.9,99,12.5,NNE,Grímsey
Sunday,9/10/2016,6:32:09,66.624,-17.953,12.2,0.7,99,9.5,NNE,Grímsey
Sunday,9/10/2016,5:34:24,64.429,-17.225,1.5,1.2,99,3.6,NE,Grímsfjall
Sunday,9/10/2016,5:06:43,64.823,-16.889,12.9,0.9,99,15.8,ENE,Kistufell
Sunday,9/10/2016,4:34:13,66.237,-18.359,9.1,0.6,99,8.2,NNW,Gjögurtá
Sunday,9/10/2016,3:49:04,64.623,-17.366,0.1,1.5,99,7.9,ESE,Bárðarbunga
Sunday,9/10/2016,1:38:45,64.841,-16.867,9.1,0.4,99,17.5,ENE,Kistufell
Sunday,9/10/2016,0:29:31,63.968,-20.152,5.6,1,99,9.5,SSE,Árnes
Sunday,9/10/2016,0:15:50,66.282,-16.984,6.8,0.6,99,23.9,W,Kópasker
Sunday,9/10/2016,23:36:10,66.256,-16.702,5.2,0.7,99,12.3,WSW,Kópasker
Sunday,9/10/2016,23:27:05,65.717,-16.789,1.6,1.1,99,1.6,WNW,Krafluvirkjun
Sunday,9/10/2016,22:45:02,63.763,-20.706,7.7,1,99,16.9,WSW,Hella
Sunday,9/10/2016,20:06:59,64.629,-17.456,4.6,2,99,3.7,ESE,Bárðarbunga
Sunday,9/10/2016,19:03:37,64.122,-21.22,6,0.5,99,5,N,Hrómundartindi
Sunday,9/10/2016,18:32:52,66.238,-18.362,9.2,1.6,99,8.4,NNW,Gjögurtá
Sunday,9/10/2016,16:17:04,65.008,-16.476,7.5,0.1,99,6.9,ESE,Dreki
Sunday,9/10/2016,13:30:20,63.863,-22.139,6.2,1.2,99,4.5,SW,Krýsuvík
Sunday,9/10/2016,12:37:12,63.855,-22.165,4.1,1.4,99,6,SW,Krýsuvík
Sunday,9/10/2016,12:35:50,63.85,-22.19,1.4,0.8,99,7.1,SE,Fagradalsfjall
Sunday,9/10/2016,11:28:38,63.822,-22.952,9.9,1,99,9,N,Eldey
Thursday,6/10/2016,21:28:30,63.624,-19.086,1.1,0.8,90.02,4.9,N,Hábunga
Thursday,6/10/2016,20:42:00,63.61,-19.124,3.3,0.3,74.75,3.5,NNW,Hábunga
Thursday,6/10/2016,20:19:47,63.62,-19.097,0.1,3,99,4.5,N,Hábunga
Thursday,6/10/2016,20:08:42,63.612,-19.104,1.1,1.5,90.06,3.6,N,Hábunga
Thursday,6/10/2016,20:02:08,63.622,-19.085,1.1,0.7,77.71,4.7,N,Hábunga
Thursday,6/10/2016,19:43:57,63.992,-19.691,0.1,0.9,99,1.1,W,Hekla
Thursday,6/10/2016,18:43:20,63.624,-19.1,1.1,0.4,90.01,4.9,N,Hábunga
Thursday,6/10/2016,17:33:27,63.618,-19.099,1.1,0.6,90.01,4.2,N,Hábunga
Thursday,6/10/2016,17:31:55,65.035,-16.706,6.1,0.7,79.37,4.8,W,Dreki
Thursday,6/10/2016,16:53:19,63.624,-19.107,1.1,0.8,90.01,4.9,N,Hábunga
Thursday,6/10/2016,16:37:41,63.625,-19.083,1.1,0.4,62.42,5.1,N,Hábunga
Thursday,6/10/2016,16:33:21,63.625,-19.097,0.7,0.4,90.01,5,N,Hábunga
Thursday,6/10/2016,14:36:36,63.621,-19.097,0.1,1.4,99,4.5,N,Hábunga
Thursday,6/10/2016,14:18:19,63.621,-19.096,0.1,1.6,99,4.5,N,Hábunga
Thursday,6/10/2016,14:16:03,63.624,-19.096,0.1,1.4,99,4.9,N,Hábunga
Thursday,6/10/2016,14:11:02,63.621,-19.095,0.1,2.4,99,4.6,N,Hábunga
Thursday,6/10/2016,12:29:08,63.622,-19.092,0.1,1.4,99,4.7,N,Hábunga
Thursday,6/10/2016,12:23:17,63.624,-19.092,0.1,1.2,99,4.9,N,Hábunga
Thursday,6/10/2016,9:12:25,63.618,-19.091,0.1,1,99,4.3,N,Hábunga
Thursday,6/10/2016,9:11:57,63.62,-19.097,0.1,1.7,99,4.5,N,Hábunga
Thursday,6/10/2016,8:27:56,65.028,-16.469,5.4,0.7,99,6.5,E,Dreki
Thursday,6/10/2016,6:22:49,63.621,-19.083,0.1,1.5,99,4.6,N,Hábunga
Thursday,6/10/2016,6:20:40,63.622,-19.074,0.1,1.6,99,4.8,NNE,Hábunga
Thursday,6/10/2016,6:10:41,63.622,-19.099,0.1,3.2,99,4.7,N,Hábunga
Thursday,6/10/2016,5:44:26,63.622,-19.099,0.1,1.4,99,4.6,N,Hábunga
Thursday,6/10/2016,4:47:44,64.109,-21.263,6.3,0.9,99,3.3,NE,Skeggi á Hengli
Thursday,6/10/2016,4:38:14,64.065,-21.374,4.3,1.4,99,3.3,NNE,Hellisheiði
Thursday,6/10/2016,1:52:50,63.622,-19.045,0.1,1.4,99,5.4,NNE,Hábunga
Thursday,6/10/2016,1:41:24,64.015,-20.374,8.6,0.8,99,6.7,WSW,Árnes
Thursday,6/10/2016,1:23:25,63.652,-19.181,7.9,1.4,99,3.7,ENE,Goðabunga
Thursday,6/10/2016,0:48:31,65.163,-16.347,2.6,0.9,99,1.3,S,Herðubreið
Thursday,6/10/2016,0:22:50,63.954,-21.286,5.8,1,99,4.6,SSE,Skálafell
Thursday,6/10/2016,23:46:50,63.617,-19.103,0.2,0.6,99,4.1,N,Hábunga
Thursday,6/10/2016,23:34:52,63.62,-19.103,0.1,0.8,99,4.4,N,Hábunga
Thursday,6/10/2016,23:14:16,63.619,-19.103,0.1,2,99,4.3,N,Hábunga
Thursday,6/10/2016,23:14:01,63.617,-19.09,0.1,1.8,99,4.2,N,Hábunga
Thursday,6/10/2016,23:12:17,63.628,-19.109,0.1,0.6,99,5.3,N,Hábunga
Thursday,6/10/2016,23:11:21,63.623,-19.104,0.1,1.2,99,4.8,N,Hábunga
Thursday,6/10/2016,23:09:29,63.623,-19.118,0.1,1.3,99,4.9,N,Hábunga
Thursday,6/10/2016,23:09:13,63.62,-19.123,0.4,1,99,4.6,NNW,Hábunga
Thursday,6/10/2016,23:08:05,63.62,-19.095,0.1,3.4,99,4.5,N,Hábunga
Thursday,6/10/2016,22:53:22,63.967,-20.7,6.7,0.5,99,4.6,NNW,Þjórsárbrú
Thursday,6/10/2016,21:32:59,63.896,-21.905,5.6,1.1,99,7.9,E,Krýsuvík
Thursday,6/10/2016,21:28:30,63.623,-19.094,0.1,1.6,99,4.8,N,Hábunga
Thursday,6/10/2016,20:42:00,63.621,-19.121,0.1,1.3,99,4.7,NNW,Hábunga
Thursday,6/10/2016,20:35:37,63.623,-19.075,0.1,0.8,99,4.9,NNE,Hábunga
Thursday,6/10/2016,20:29:59,63.626,-19.077,0.1,0.8,99,5.2,NNE,Hábunga
Thursday,6/10/2016,20:19:47,63.62,-19.097,0.1,3.1,99,4.5,N,Hábunga
Thursday,6/10/2016,20:08:42,63.623,-19.094,0.1,1.9,99,4.8,N,Hábunga
Thursday,6/10/2016,20:02:07,63.624,-19.092,0.1,1.3,99,4.9,N,Hábunga
Thursday,6/10/2016,19:52:43,63.978,-19.66,9.8,0.9,99,1.6,SSE,Hekla
Thursday,6/10/2016,19:36:00,66.373,-17.144,14.6,0.8,99,31.9,WNW,Kópasker
Thursday,6/10/2016,18:49:14,64.24,-17.778,1.1,0.7,99,27.5,S,Hamarinn
Thursday,6/10/2016,18:43:20,63.623,-19.094,0.1,1.4,99,4.8,N,Hábunga
Thursday,6/10/2016,18:13:45,63.629,-19.091,0.1,0.7,99,5.4,N,Hábunga
Thursday,6/10/2016,17:33:27,63.621,-19.091,0.1,0.7,99,4.5,N,Hábunga
Thursday,6/10/2016,17:31:56,65.022,-16.663,3.8,0.9,99,3.3,WSW,Dreki
Thursday,6/10/2016,17:23:36,64.275,-17.606,11.8,1,99,21.5,SW,Grímsfjall
Thursday,6/10/2016,16:53:19,63.622,-19.106,0.1,1.5,99,4.6,N,Hábunga
Thursday,6/10/2016,16:49:54,63.617,-19.141,0.1,0.6,99,4.6,NNW,Hábunga
Thursday,6/10/2016,16:37:41,63.623,-19.095,0.1,1.3,99,4.8,N,Hábunga
Thursday,6/10/2016,16:33:21,63.622,-19.098,0.1,1.4,99,4.7,N,Hábunga
Thursday,6/10/2016,16:04:05,63.619,-19.113,0.1,0.4,99,4.3,N,Hábunga
Thursday,6/10/2016,11:22:30,63.941,-21.449,0.2,0.5,99,2.5,W,Raufarhólshellir
Thursday,6/10/2016,8:50:10,65.023,-16.581,3.1,0.5,99,2,SSE,Dreki
Thursday,6/10/2016,6:01:29,66.653,-17.907,9,1.1,99,13.2,NNE,Grímsey
Thursday,6/10/2016,4:38:14,64.065,-21.374,4.3,1.4,99,3.3,NNE,Ólafsfjörður
Thursday,6/10/2016,2:55:31,64.692,-17.656,9.8,1.4,99,8.4,NW,Bárðarbunga
Thursday,6/10/2016,1:52:50,63.622,-19.045,0.1,1.6,99,5.4,NNE,Hábunga
Thursday,29/09/2016,23:59:27,63.627,-19.083,0.1,0.9,99,5.3,N,Hábunga
Thursday,29/09/2016,23:56:19,63.614,-19.142,0.7,0.6,99,4.3,NNW,Hábunga
Thursday,29/09/2016,23:54:48,63.621,-19.109,0.1,0.4,99,4.6,N,Hábunga
Thursday,29/09/2016,23:54:20,63.628,-19.121,0.1,0.8,99,5.4,N,Hábunga
Thursday,29/09/2016,23:53:33,63.62,-19.115,0.1,2.5,99,4.5,N,Hábunga
Thursday,29/09/2016,23:48:12,63.622,-19.105,0.1,0.1,99,4.7,N,Hábunga
Thursday,29/09/2016,23:41:55,63.623,-19.119,0.1,0.3,99,4.9,N,Hábunga
Thursday,29/09/2016,23:31:37,63.621,-19.131,0.1,0.7,99,4.8,NNW,Hábunga
Thursday,29/09/2016,23:30:07,63.618,-19.126,0.1,0.1,99,4.4,NNW,Hábunga
Thursday,29/09/2016,23:27:20,63.622,-19.139,0.1,1.1,99,5,NNW,Hábunga
Thursday,29/09/2016,23:26:10,63.62,-19.131,0.1,1.2,99,4.7,NNW,Hábunga
Thursday,29/09/2016,23:26:08,63.867,-21.963,7.4,0.6,99,5.5,ESE,Krýsuvík
Thursday,29/09/2016,23:25:19,63.623,-19.12,0.1,0.3,99,4.9,NNW,Hábunga
Thursday,29/09/2016,23:23:32,63.622,-19.113,0.1,0.4,99,4.7,N,Hábunga
Thursday,29/09/2016,23:23:04,63.637,-19.132,0.1,1,99,5.8,E,Goðabunga
Thursday,29/09/2016,23:22:11,63.628,-19.127,0.1,0.7,99,5.5,NNW,Hábunga
Thursday,29/09/2016,23:21:36,63.654,-19.085,8.3,0.5,99,8.2,N,Hábunga
Thursday,29/09/2016,23:15:30,63.626,-19.119,0.1,0.9,99,5.2,N,Hábunga
Thursday,29/09/2016,23:13:25,63.627,-19.115,0.1,0.2,99,5.3,N,Hábunga
Thursday,29/09/2016,23:12:40,63.682,-19.115,6.2,0.5,99,8.1,NE,Goðabunga
Thursday,29/09/2016,23:12:05,63.624,-19.117,0.1,0.5,99,4.9,N,Hábunga
Thursday,29/09/2016,22:59:25,63.623,-19.128,0.1,0.5,99,5,NNW,Hábunga
Thursday,29/09/2016,22:58:11,63.617,-19.137,0.1,0.3,99,4.5,NNW,Hábunga
Thursday,29/09/2016,22:57:57,63.631,-19.107,0.1,0.2,99,5.7,N,Hábunga
Thursday,29/09/2016,22:52:38,63.624,-19.152,2.6,0.4,99,5.1,ESE,Goðabunga
Thursday,29/09/2016,22:50:20,63.625,-19.121,0,0.7,99,5.1,NNW,Hábunga
Thursday,29/09/2016,22:47:53,63.626,-19.099,0,1.7,99,5.1,N,Hábunga
Thursday,29/09/2016,22:43:52,63.619,-19.121,0,0.5,99,4.4,NNW,Hábunga
Thursday,29/09/2016,22:35:04,63.625,-19.124,0,0.4,99,5.1,NNW,Hábunga
Thursday,29/09/2016,22:34:30,65.016,-16.669,5.1,0.2,99,3.9,SW,Dreki
Thursday,29/09/2016,22:33:59,63.65,-19.066,8.5,0.5,99,8,NNE,Hábunga
Thursday,29/09/2016,22:33:12,63.655,-19.14,0.1,1,99,5.7,ENE,Goðabunga
Thursday,29/09/2016,22:29:58,63.623,-19.095,0,1.2,99,4.8,N,Hábunga
Thursday,29/09/2016,22:26:42,63.625,-19.101,0.1,0.2,99,5,N,Hábunga
Thursday,29/09/2016,22:25:46,64.644,-17.491,1.3,0,99,1.8,ENE,Bárðarbunga
Thursday,29/09/2016,22:25:31,63.628,-19.102,0,0.8,99,5.4,N,Hábunga
Thursday,29/09/2016,22:23:52,63.626,-19.116,0,0.5,99,5.2,N,Hábunga
Thursday,29/09/2016,22:16:38,63.627,-19.126,0.1,0.3,99,5.4,NNW,Hábunga
Thursday,29/09/2016,22:14:41,63.62,-19.134,0.1,0.2,99,4.7,NNW,Hábunga
Thursday,29/09/2016,22:13:11,63.82,-22.674,4.1,1,99,2.6,NE,Reykjanestá
Thursday,29/09/2016,22:07:08,63.91,-22.246,8,0.5,99,1.6,ENE,Fagradalsfjall
Thursday,29/09/2016,22:06:05,63.615,-19.128,0,0.3,99,4.2,NNW,Hábunga
Thursday,29/09/2016,22:05:24,63.877,-22.288,0.9,0.3,99,2.9,SSW,Fagradalsfjall
Thursday,29/09/2016,22:03:43,63.617,-19.114,0.1,0.3,99,4.1,N,Hábunga
Thursday,29/09/2016,22:02:51,63.624,-19.125,0.1,1,99,5,NNW,Hábunga
Thursday,29/09/2016,21:59:30,63.624,-19.112,0,1.5,99,4.9,N,Hábunga
Thursday,29/09/2016,21:53:06,63.626,-19.132,0,0.9,99,5.3,NNW,Hábunga
Thursday,29/09/2016,21:47:08,63.615,-19.089,1.5,0.1,99,3.9,N,Hábunga
Thursday,29/09/2016,21:42:15,63.626,-19.095,0,0.6,99,5.1,N,Hábunga
Thursday,29/09/2016,21:39:25,63.623,-19.104,0.1,0.5,99,4.8,N,Hábunga
Thursday,29/09/2016,21:34:35,63.625,-19.115,0,0.4,99,5.1,N,Hábunga
Thursday,29/09/2016,21:31:44,63.62,-19.105,0,0.4,99,4.5,N,Hábunga
Thursday,29/09/2016,21:29:02,63.623,-19.118,0,0.7,99,4.8,N,Hábunga
Thursday,29/09/2016,21:28:36,63.621,-19.112,0,0.6,99,4.6,N,Hábunga
Thursday,29/09/2016,21:26:10,63.623,-19.12,0.1,1.3,99,4.9,NNW,Hábunga
Thursday,29/09/2016,21:20:14,63.62,-19.143,0.1,1,99,5,NNW,Hábunga
Thursday,29/09/2016,21:19:56,63.626,-19.112,0,1.8,99,5.2,N,Hábunga
Thursday,29/09/2016,21:19:19,63.626,-19.102,0.1,0.4,99,5.2,N,Hábunga
Thursday,29/09/2016,21:10:14,63.624,-19.098,0.1,1.3,99,4.9,N,Hábunga
Thursday,29/09/2016,21:04:53,63.617,-19.135,0.1,0.9,99,4.4,NNW,Hábunga
Thursday,29/09/2016,21:03:10,63.616,-19.12,1.7,2.5,99,4.1,NNW,Hábunga
Thursday,29/09/2016,21:02:59,63.617,-19.122,0.1,2.4,99,4.2,NNW,Hábunga
Thursday,29/09/2016,21:01:23,63.622,-19.113,0.1,1.1,99,4.8,N,Hábunga
Thursday,29/09/2016,20:59:37,63.618,-19.115,0.1,0.7,99,4.3,N,Hábunga
Thursday,29/09/2016,20:48:58,63.617,-19.135,0.1,0.3,99,4.4,NNW,Hábunga
Thursday,29/09/2016,20:47:15,63.615,-19.128,0.1,1.8,99,4.1,NNW,Hábunga
Thursday,29/09/2016,20:43:58,63.624,-19.132,0.1,1.2,99,5.2,NNW,Hábunga
Thursday,29/09/2016,20:40:26,63.621,-19.137,0.1,1.1,99,4.9,NNW,Hábunga
Thursday,29/09/2016,20:32:12,63.615,-19.138,0.1,0.4,99,4.3,NNW,Hábunga
Thursday,29/09/2016,20:30:03,63.623,-19.139,0.1,0.2,99,5.2,NNW,Hábunga
Thursday,29/09/2016,20:22:53,63.628,-19.129,0.1,1.3,99,5.6,NNW,Hábunga
Thursday,29/09/2016,20:12:46,63.623,-19.131,0.1,0.7,99,5,NNW,Hábunga
Thursday,29/09/2016,20:10:26,63.622,-19.133,0.1,0.5,99,4.9,NNW,Hábunga
Thursday,29/09/2016,20:08:53,63.618,-19.125,0.1,1.6,99,4.4,NNW,Hábunga
Thursday,29/09/2016,20:03:06,63.625,-19.132,0.1,1,99,5.2,NNW,Hábunga
Thursday,29/09/2016,19:53:20,63.623,-19.127,0.1,1.1,99,4.9,NNW,Hábunga
Thursday,29/09/2016,19:50:12,64.842,-16.884,13.4,0.6,99,16.8,ENE,Kistufell
Thursday,29/09/2016,19:48:27,63.624,-19.116,0.1,1.3,99,5,N,Hábunga
Thursday,29/09/2016,19:47:56,64.78,-16.958,6.8,0.6,99,11.8,E,Kistufell
Thursday,29/09/2016,19:36:50,63.625,-19.1,0.1,2,99,4.9,N,Hábunga
Thursday,29/09/2016,19:36:38,63.889,-22.272,7.5,0.6,99,1.5,S,Fagradalsfjall
Thursday,29/09/2016,19:36:14,63.895,-22.26,7.5,0.4,99,1.1,SE,Fagradalsfjall
Thursday,29/09/2016,19:34:18,63.62,-19.113,0.1,0.3,99,4.4,N,Hábunga
Thursday,29/09/2016,19:32:54,63.855,-22.323,4.9,0.4,99,5.8,SSW,Fagradalsfjall
Thursday,29/09/2016,19:32:37,63.619,-19.118,0.1,1.6,99,4.4,NNW,Hábunga
Thursday,29/09/2016,19:32:31,63.624,-19.123,0.1,0.9,99,5,NNW,Hábunga
Thursday,29/09/2016,19:32:04,63.62,-19.126,0.1,0.4,99,4.6,NNW,Hábunga
Thursday,29/09/2016,19:31:56,63.975,-20.651,8.2,0,99,4.8,N,Þjórsárbrú
Thursday,29/09/2016,19:29:06,64.86,-16.842,9.4,0.6,99,19.4,ENE,Kistufell
Thursday,29/09/2016,19:27:30,63.63,-19.128,0.1,1,99,5.7,NNW,Hábunga
Thursday,29/09/2016,19:24:55,63.615,-19.145,0.2,0.1,99,4.5,NNW,Hábunga
Thursday,29/09/2016,19:23:26,63.625,-19.102,0.1,0.7,99,5,N,Hábunga
Thursday,29/09/2016,19:18:41,63.623,-19.123,0.1,1.6,99,4.9,NNW,Hábunga
Thursday,29/09/2016,19:10:47,63.619,-19.107,0.1,0.8,99,4.4,N,Hábunga
Thursday,29/09/2016,19:05:11,63.654,-19.082,9.9,0.4,99,8.3,N,Hábunga
Thursday,29/09/2016,19:00:49,63.624,-19.116,0.1,0.3,99,5,N,Hábunga
Thursday,29/09/2016,18:58:59,63.626,-19.124,0.1,0.7,99,5.3,NNW,Hábunga
Thursday,29/09/2016,18:57:22,63.627,-19.128,0.1,0.6,99,5.4,NNW,Hábunga
Thursday,29/09/2016,18:56:24,63.624,-19.118,0.1,0.6,99,5,N,Hábunga
Thursday,29/09/2016,18:49:44,63.622,-19.118,0.1,0.6,99,4.8,N,Hábunga
Thursday,29/09/2016,18:47:18,63.627,-19.106,0.1,0.2,99,5.2,N,Hábunga
Thursday,29/09/2016,18:30:33,63.624,-19.129,0.1,0.5,99,5.1,NNW,Hábunga
Thursday,29/09/2016,18:19:05,63.623,-19.112,0,1,99,4.8,N,Hábunga
Thursday,29/09/2016,18:16:14,63.621,-19.122,0.1,0.5,99,4.7,NNW,Hábunga
Thursday,29/09/2016,18:04:51,63.627,-19.128,0,0.6,99,5.4,NNW,Hábunga
Thursday,29/09/2016,18:03:59,63.936,-20.774,3.8,1,99,5.9,W,Þjórsárbrú
Thursday,29/09/2016,18:03:18,63.627,-19.096,0.1,0.2,99,5.2,N,Hábunga
Thursday,29/09/2016,17:54:14,64.433,-17.64,1.1,1.5,90.01,10.1,SE,Hamarinn
Thursday,29/09/2016,17:53:56,63.624,-19.129,0.1,2.3,99,5.1,NNW,Hábunga
Thursday,29/09/2016,17:50:25,65.023,-16.666,3.9,0.9,99,3.3,WSW,Dreki
Thursday,29/09/2016,17:46:06,63.624,-19.124,0,0.5,99,5,NNW,Hábunga
Thursday,29/09/2016,17:42:56,63.622,-19.104,0.1,0.3,99,4.7,N,Hábunga
Thursday,29/09/2016,17:26:02,63.621,-19.119,0.1,1.8,99,4.6,NNW,Hábunga
Thursday,29/09/2016,17:25:37,63.63,-19.109,0.1,0.2,99,5.6,N,Hábunga
Thursday,29/09/2016,17:23:33,64.652,-17.103,2.9,0.6,99,15.2,SSE,Kistufell
Thursday,29/09/2016,17:16:00,63.618,-19.129,0.1,0.3,99,4.5,NNW,Hábunga
Thursday,29/09/2016,17:14:04,63.625,-19.12,0.1,0.5,99,5.1,N,Hábunga
Thursday,29/09/2016,17:13:09,63.629,-19.119,1.7,0,99,5.5,N,Hábunga
Thursday,29/09/2016,17:10:33,63.625,-19.094,0.1,0.3,99,5,N,Hábunga
Thursday,29/09/2016,17:09:41,63.617,-19.118,0.1,0,99,4.2,NNW,Hábunga
Thursday,29/09/2016,17:07:24,63.633,-19.132,0.1,0.2,99,5.9,E,Goðabunga
Thursday,29/09/2016,17:04:28,63.626,-19.13,0.1,0.1,99,5.3,NNW,Hábunga
Thursday,29/09/2016,17:01:07,63.63,-19.127,2.7,0.1,99,5.8,NNW,Hábunga
Thursday,29/09/2016,16:59:35,63.62,-19.15,0.1,0.3,99,5.1,NNW,Hábunga
Thursday,29/09/2016,16:56:33,63.627,-19.086,0.1,0.4,99,5.3,N,Hábunga
Thursday,29/09/2016,16:55:30,63.632,-19.115,0.1,0.9,99,5.8,N,Hábunga
Thursday,29/09/2016,16:55:20,63.623,-19.104,0.1,1.3,99,4.7,N,Hábunga
Thursday,29/09/2016,16:52:55,63.635,-19.115,0,0.5,99,6.1,N,Hábunga
Thursday,29/09/2016,16:52:42,63.633,-19.123,0.1,0.3,99,6,N,Hábunga
Thursday,29/09/2016,16:47:43,63.628,-19.125,0.1,1.2,99,5.5,NNW,Hábunga
Thursday,29/09/2016,16:47:40,63.624,-19.114,2.1,0.4,99,4.9,N,Hábunga
Thursday,29/09/2016,16:46:04,63.618,-19.093,16.5,0.5,99,4.2,N,Hábunga
Thursday,29/09/2016,16:44:57,63.617,-19.141,0,1.6,99,4.6,NNW,Hábunga
Thursday,29/09/2016,16:44:33,63.606,-19.146,0.1,0.2,99,3.7,NW,Hábunga
Thursday,29/09/2016,16:42:36,63.622,-19.133,0,1.9,99,5,NNW,Hábunga
Thursday,29/09/2016,16:41:26,63.63,-19.09,0.1,0.3,99,5.6,N,Hábunga
Thursday,29/09/2016,16:40:24,63.624,-19.125,0.1,1.2,99,5.1,NNW,Hábunga
Thursday,29/09/2016,16:38:30,63.626,-19.135,0,0.8,99,5.4,NNW,Hábunga
Thursday,29/09/2016,16:37:47,63.624,-19.101,0,0.6,99,4.9,N,Hábunga
Thursday,29/09/2016,16:37:02,63.625,-19.133,0.1,0.8,99,5.3,NNW,Hábunga
Thursday,29/09/2016,16:36:27,63.621,-19.124,1,1.1,99,4.7,NNW,Hábunga
Thursday,29/09/2016,16:36:11,63.623,-19.104,0,2.1,99,4.8,N,Hábunga
Thursday,29/09/2016,16:34:05,63.622,-19.127,0.1,1.5,99,4.9,NNW,Hábunga
Thursday,29/09/2016,16:33:45,63.625,-19.06,0.1,0.7,99,5.3,NNE,Hábunga
Thursday,29/09/2016,16:31:23,63.625,-19.129,0.1,0.5,99,5.2,NNW,Hábunga
Thursday,29/09/2016,16:30:49,63.62,-19.097,0.1,0.2,99,4.5,N,Hábunga
Thursday,29/09/2016,16:28:10,63.623,-19.117,0.1,3,99,4.9,N,Hábunga
Thursday,29/09/2016,16:26:42,63.62,-19.115,0,2.2,99,4.5,N,Hábunga
Thursday,29/09/2016,16:26:02,63.624,-19.122,0.1,0.8,99,5.1,NNW,Hábunga
Thursday,29/09/2016,16:25:23,63.623,-19.118,0.1,2.2,99,4.8,N,Hábunga
Thursday,29/09/2016,16:18:53,63.625,-19.123,0,0.3,99,5.2,NNW,Hábunga
Thursday,29/09/2016,16:10:41,63.627,-19.143,0.1,0.5,99,5.5,ESE,Goðabunga
Thursday,29/09/2016,16:09:05,63.661,-19.223,3.2,0.2,99,2.7,NNE,Goðabunga
Thursday,29/09/2016,16:02:49,63.861,-20.162,9.8,0.7,99,12.2,ENE,Hella
Thursday,29/09/2016,15:55:58,63.624,-19.12,0.1,1.6,99,4.9,NNW,Hábunga
Thursday,29/09/2016,15:55:14,63.619,-19.118,0.1,0.4,99,4.4,NNW,Hábunga
Thursday,29/09/2016,15:54:53,63.619,-19.125,0.1,0.4,99,4.5,NNW,Hábunga
Thursday,29/09/2016,15:54:24,63.621,-19.112,0.1,1.4,99,4.6,N,Hábunga
Thursday,29/09/2016,15:49:31,63.627,-19.064,0.1,0.1,99,5.5,NNE,Hábunga
Thursday,29/09/2016,15:47:49,63.624,-19.112,0.1,0.2,99,4.9,N,Hábunga
Thursday,29/09/2016,15:46:34,64.648,-17.465,2.2,0.1,99,3.1,ENE,Bárðarbunga
Thursday,29/09/2016,15:37:46,63.617,-19.109,0.1,0.2,99,4.1,N,Hábunga
Thursday,29/09/2016,15:33:29,66.627,-17.908,10.6,0.8,99,10.5,NNE,Grímsey
Thursday,29/09/2016,15:05:37,63.629,-19.122,0.1,1.3,99,5.5,N,Hábunga
Thursday,29/09/2016,15:04:07,63.626,-19.128,0.1,0.3,99,5.3,NNW,Hábunga
Thursday,29/09/2016,15:03:53,63.625,-19.081,1,0.3,99,5.1,N,Hábunga
Thursday,29/09/2016,14:54:20,63.619,-19.139,0.1,0.5,99,4.8,NNW,Hábunga
Thursday,29/09/2016,14:53:24,63.625,-19.12,0.1,1.5,99,5.1,NNW,Hábunga
Thursday,29/09/2016,14:52:33,63.622,-19.12,0.1,2,99,4.7,NNW,Hábunga
Thursday,29/09/2016,14:46:25,63.62,-19.107,0.1,0.3,99,4.5,N,Hábunga
Thursday,29/09/2016,14:40:22,63.627,-19.111,0.1,0.4,99,5.2,N,Hábunga
Thursday,29/09/2016,14:37:42,63.623,-19.097,0.1,0.8,99,4.8,N,Hábunga
Thursday,29/09/2016,14:34:42,63.624,-19.125,0.1,1.8,99,5.1,NNW,Hábunga
Thursday,29/09/2016,14:30:11,63.625,-19.109,0.1,0.5,99,5.1,N,Hábunga
Thursday,29/09/2016,14:23:44,63.626,-19.113,0.1,0.5,99,5.2,N,Hábunga
Thursday,29/09/2016,14:23:23,63.622,-19.114,0.1,1.3,99,4.7,N,Hábunga
Thursday,29/09/2016,14:22:22,65.599,-16.643,7.3,0.5,99,13.6,SSE,Krafluvirkjun
Thursday,29/09/2016,14:20:20,64.264,-21.368,2.8,0.6,99,12,W,Þingvellir
Thursday,29/09/2016,14:14:57,63.618,-19.127,0.1,0.6,99,4.4,NNW,Hábunga
Thursday,29/09/2016,14:12:02,63.619,-19.123,0.1,1.4,99,4.5,NNW,Hábunga
Thursday,29/09/2016,13:57:26,63.624,-19.121,0.1,0.7,99,5,NNW,Hábunga
Thursday,29/09/2016,13:51:19,65.65,-16.857,5,0.4,99,8.4,SSW,Krafluvirkjun
Thursday,29/09/2016,13:36:38,64.648,-17.525,3.1,1.5,99,0.9,N,Bárðarbunga
Thursday,29/09/2016,13:35:59,63.624,-19.143,0.1,0.9,99,5.3,NNW,Hábunga
Thursday,29/09/2016,13:32:32,63.623,-19.123,0.1,1.6,99,4.9,NNW,Hábunga
Thursday,29/09/2016,13:19:13,63.642,-19.053,0,1.8,99,7.3,NNE,Hábunga
Thursday,29/09/2016,13:17:44,63.625,-19.128,0.1,0.3,99,5.2,NNW,Hábunga
Thursday,29/09/2016,13:15:07,63.646,-19.054,0,1.2,99,7.7,NNE,Hábunga
Thursday,29/09/2016,13:10:16,64.669,-17.529,2.6,1.9,99,3.1,N,Bárðarbunga
Thursday,29/09/2016,13:09:35,63.617,-19.1,0.1,1.3,99,4.1,N,Hábunga
Thursday,29/09/2016,13:03:53,64.633,-17.53,1.1,0,99,0.8,S,Bárðarbunga
Thursday,29/09/2016,12:58:40,63.62,-19.09,0.1,0.7,99,4.5,N,Hábunga
Thursday,29/09/2016,12:58:04,63.62,-19.111,0.1,2.2,99,4.4,N,Hábunga
Thursday,29/09/2016,12:47:48,63.617,-19.112,0,2.3,99,4.2,N,Hábunga
Thursday,29/09/2016,12:36:52,63.623,-19.118,0,2.3,99,4.8,N,Hábunga
Thursday,29/09/2016,12:30:06,63.632,-19.127,0.1,0.3,99,5.9,NNW,Hábunga
Thursday,29/09/2016,12:28:23,63.621,-19.128,0.8,0.3,99,4.8,NNW,Hábunga
Thursday,29/09/2016,12:27:26,63.939,-20.766,4.4,0.3,99,5.6,W,Þjórsárbrú
Thursday,29/09/2016,12:14:28,63.628,-19.111,0.1,0.9,99,5.4,N,Hábunga
Thursday,29/09/2016,12:13:02,63.627,-19.123,0.1,1.2,99,5.4,NNW,Hábunga
Thursday,29/09/2016,12:09:35,63.627,-19.111,0,0.2,99,5.2,N,Hábunga
Thursday,29/09/2016,12:07:39,63.626,-19.124,0.1,0.8,99,5.2,NNW,Hábunga
Thursday,29/09/2016,12:03:53,63.621,-19.108,0,1.5,99,4.5,N,Hábunga
Thursday,29/09/2016,11:58:43,63.619,-19.111,2.4,0,99,4.3,N,Hábunga
Thursday,29/09/2016,11:56:09,63.625,-19.105,0.1,0.3,99,5,N,Hábunga
Thursday,29/09/2016,11:52:59,64.013,-19.552,8.5,0.3,99,6.1,ENE,Hekla
Thursday,29/09/2016,11:51:03,66.027,-18.86,10.4,0.7,99,10.5,WSW,Ólafsfjörður
Thursday,29/09/2016,11:46:11,63.625,-19.111,0.1,0.6,99,5.1,N,Hábunga
Thursday,29/09/2016,11:24:55,63.621,-19.111,0.1,0.2,99,4.6,N,Hábunga
Thursday,29/09/2016,10:58:26,63.624,-19.122,0.1,0.7,99,5,NNW,Hábunga
Thursday,29/09/2016,10:48:19,63.625,-19.111,0.1,0.4,99,5,N,Hábunga
Thursday,29/09/2016,10:42:48,63.618,-19.109,0.1,0.4,99,4.3,N,Hábunga
Thursday,29/09/2016,10:42:25,63.626,-19.118,0.1,0.7,99,5.1,N,Hábunga
Thursday,29/09/2016,10:40:10,65.141,-16.308,9.6,0.8,99,4.2,SSE,Herðubreið
Thursday,29/09/2016,10:29:17,63.623,-19.111,0.1,0.1,99,4.8,N,Hábunga
Thursday,29/09/2016,10:14:44,63.624,-19.113,0.1,0.8,99,5,N,Hábunga
Thursday,29/09/2016,10:02:03,63.621,-19.108,0.1,0.3,99,4.6,N,Hábunga
Thursday,29/09/2016,9:58:45,63.623,-19.118,0.1,0.5,99,4.9,N,Hábunga
Thursday,29/09/2016,9:58:20,63.621,-19.095,0.1,0.6,99,4.6,N,Hábunga
Thursday,29/09/2016,9:52:29,63.649,-19.062,0.1,0.4,99,7.9,NNE,Hábunga
Thursday,29/09/2016,9:41:31,63.227,-24.201,12.6,2,99,35.2,SW,Eldeyjarboði
Thursday,29/09/2016,9:36:45,63.934,-20.777,5.6,0.2,99,6.1,W,Þjórsárbrú
Thursday,29/09/2016,9:32:05,63.87,-22.296,8.6,1,99,3.7,SSW,Fagradalsfjall
Thursday,29/09/2016,9:18:11,63.62,-19.13,0.1,0.6,99,4.7,NNW,Hábunga
Thursday,29/09/2016,8:54:06,63.624,-19.113,0.1,0.6,99,4.9,N,Hábunga
Thursday,29/09/2016,8:49:24,63.626,-19.115,0.1,0.4,99,5.2,N,Hábunga
Thursday,29/09/2016,8:49:05,65.018,-16.678,3.8,0.9,99,4.1,WSW,Dreki
Thursday,29/09/2016,8:47:58,63.624,-19.119,0.1,1.4,99,5,N,Hábunga
Thursday,29/09/2016,8:36:52,63.633,-19.131,0.1,0.4,99,5.9,E,Goðabunga
Thursday,29/09/2016,8:11:50,63.259,-24.21,14.1,2.4,99,32.6,SW,Eldeyjarboði
Thursday,29/09/2016,8:08:11,63.624,-19.117,0.1,1,99,5,N,Hábunga
Thursday,29/09/2016,8:00:13,66.633,-17.919,11.1,1.2,99,10.9,NNE,Grímsey
Thursday,29/09/2016,7:47:24,63.624,-19.116,0.1,1.8,99,5,N,Hábunga
Thursday,29/09/2016,7:34:25,63.882,-22.298,9.5,0.9,99,2.5,SSW,Fagradalsfjall
Thursday,29/09/2016,7:11:15,63.623,-19.1,0.1,0.2,99,4.8,N,Hábunga
Thursday,29/09/2016,7:07:28,66.237,-17.512,10.4,0.6,99,16.7,ENE,Flatey
Thursday,29/09/2016,7:00:23,67.128,-18.818,10,1.7,99,6.4,WSW,Kolbeinsey
Thursday,29/09/2016,6:53:55,63.618,-19.12,0.1,0.3,99,4.3,NNW,Hábunga
Thursday,29/09/2016,6:50:49,63.649,-19.05,0.1,0.8,99,8,NNE,Hábunga
Thursday,29/09/2016,6:48:02,63.882,-22.295,9.3,0.9,99,2.5,SSW,Fagradalsfjall
Thursday,29/09/2016,6:47:19,63.626,-19.105,0.1,0.6,99,5.1,N,Hábunga
Thursday,29/09/2016,6:46:20,63.624,-19.116,0.1,0.9,99,5,N,Hábunga
Thursday,29/09/2016,6:45:03,63.624,-19.126,0.1,2.6,99,5.1,NNW,Hábunga
Thursday,29/09/2016,6:43:00,63.628,-19.124,0.1,0.6,99,5.4,NNW,Hábunga
Thursday,29/09/2016,6:39:45,63.623,-19.128,0.1,0.1,99,5,NNW,Hábunga
Thursday,29/09/2016,6:34:30,63.624,-19.133,0.1,1,99,5.2,NNW,Hábunga
Thursday,29/09/2016,6:32:06,63.646,-19.056,0.1,1.6,99,7.6,NNE,Hábunga
Thursday,29/09/2016,6:15:20,63.63,-19.102,0.4,0.1,99,5.6,N,Hábunga
Thursday,29/09/2016,6:14:35,63.647,-19.058,0.1,1.5,99,7.7,NNE,Hábunga
Thursday,29/09/2016,6:08:41,64.89,-16.803,2.8,0.1,99,18.9,SSW,Dreki
Thursday,29/09/2016,5:56:40,63.614,-19.104,0.1,0.3,99,3.8,N,Hábunga
Thursday,29/09/2016,5:54:00,64.052,-21.394,3.7,0.4,99,1.6,N,Hellisheiði
Thursday,29/09/2016,5:53:31,63.623,-19.116,0.1,0.5,99,4.8,N,Hábunga
Thursday,29/09/2016,5:35:35,65.033,-16.536,6.4,0.4,99,3.3,E,Dreki
Thursday,29/09/2016,5:34:50,65.031,-16.537,6.3,0.9,99,3.3,ESE,Dreki
Thursday,29/09/2016,5:32:21,65.031,-16.535,6.3,0.7,99,3.3,ESE,Dreki
Thursday,29/09/2016,5:31:36,63.639,-19.108,0,0.5,99,6.6,N,Hábunga
Thursday,29/09/2016,5:29:56,63.625,-19.113,0.1,0.2,99,5,N,Hábunga
Thursday,29/09/2016,5:19:58,63.945,-21.122,7.4,0.1,99,5.8,W,Selfoss
Thursday,29/09/2016,5:19:25,63.886,-22.275,4.3,1.2,99,1.9,S,Fagradalsfjall
Thursday,29/09/2016,5:18:46,63.889,-22.271,0.9,0.5,99,1.4,S,Fagradalsfjall
Thursday,29/09/2016,5:09:44,66.623,-17.891,10.5,1,99,10.5,NNE,Grímsey
Thursday,29/09/2016,5:07:44,63.636,-19.107,0,0.4,99,6.3,N,Hábunga
Thursday,29/09/2016,5:07:15,63.632,-19.109,0,1,99,5.8,N,Hábunga
Thursday,29/09/2016,4:34:11,64.823,-16.885,6.5,0.6,99,16,ENE,Kistufell
Thursday,29/09/2016,4:32:58,63.623,-19.095,0.1,0.5,99,4.8,N,Hábunga
Thursday,29/09/2016,4:28:49,66.636,-17.907,10.7,1,99,11.4,NNE,Grímsey
Thursday,29/09/2016,4:04:43,66.625,-17.936,12.2,1,99,9.8,NNE,Grímsey
Thursday,29/09/2016,3:57:58,63.632,-19.22,1.3,0.9,99,1.7,ESE,Goðabunga
Thursday,29/09/2016,3:47:20,63.901,-21.816,7.8,0.7,99,12.2,S,Helgafell
Thursday,29/09/2016,3:43:36,65.123,-16.349,7.5,0.4,99,4.3,NNE,Herðubreiðarfjöll
Thursday,29/09/2016,3:42:50,63.627,-19.12,0.1,0.7,99,5.3,N,Hábunga
Thursday,29/09/2016,3:20:36,63.623,-19.116,0.1,1.8,99,4.9,N,Hábunga
Thursday,29/09/2016,3:19:58,63.622,-19.122,0.1,1.7,99,4.8,NNW,Hábunga
Thursday,29/09/2016,3:15:40,66.628,-17.89,9.9,1,99,11,NNE,Grímsey
Thursday,29/09/2016,3:04:51,63.63,-19.106,0.1,0.2,99,5.5,N,Hábunga
Thursday,29/09/2016,2:50:07,64.827,-16.873,3.9,0.9,99,16.7,ENE,Kistufell
Thursday,29/09/2016,2:30:43,63.634,-19.217,0.4,0.5,99,1.8,ESE,Goðabunga
Thursday,29/09/2016,2:29:39,63.63,-19.121,0,0.5,99,5.6,N,Hábunga
Thursday,29/09/2016,2:01:11,64.623,-17.473,2.8,0.3,99,3.3,SE,Bárðarbunga
Thursday,29/09/2016,1:55:09,65.028,-16.674,3.9,0.6,99,3.4,WSW,Dreki
Thursday,29/09/2016,1:47:38,63.625,-19.102,0.1,0.4,99,5,N,Hábunga
Thursday,29/09/2016,1:47:10,63.623,-19.12,0.1,1.3,99,4.9,NNW,Hábunga
Thursday,29/09/2016,1:39:47,65.026,-16.678,4.3,0.2,99,3.7,WSW,Dreki
Thursday,29/09/2016,1:18:07,64.654,-17.136,11.8,0.1,99,14.5,SSE,Kistufell
Thursday,29/09/2016,1:15:34,64.727,-17.816,3.2,0.8,99,12.1,E,Nýidalur
Thursday,29/09/2016,1:09:25,63.626,-19.13,0.1,0.6,99,5.3,NNW,Hábunga
Thursday,29/09/2016,1:00:19,64.782,-16.915,4.4,0.3,99,13.9,E,Kistufell
Tuesday,4/10/2016,22:37:09,64.062,-21.435,6.7,1,99,3.2,E,Litla Kaffist
Tuesday,4/10/2016,20:30:59,66.647,-17.914,9.2,1.1,99,12.5,NNE,Grímsey
Tuesday,4/10/2016,19:34:34,66.64,-17.936,10.3,1.3,99,11.4,NNE,Grímsey
Tuesday,4/10/2016,19:34:28,66.633,-17.942,10.9,1.2,99,10.6,NNE,Grímsey
Tuesday,4/10/2016,19:05:00,66.635,-17.95,10.6,2.1,99,10.7,NNE,Grímsey
Tuesday,4/10/2016,16:27:29,66.237,-18.344,7.5,1.2,99,7.9,NNW,Gjögurtá
Tuesday,4/10/2016,15:25:50,65.033,-16.692,4.8,1.4,99,4.1,W,Dreki
Tuesday,4/10/2016,13:33:08,63.632,-19.263,4.5,1.1,99,1.1,SW,Goðabunga
Tuesday,4/10/2016,12:39:42,63.62,-19.079,0.1,0.3,99,4.5,NNE,Hábunga
Tuesday,4/10/2016,12:37:56,63.621,-19.097,0.1,1.9,99,4.6,N,Hábunga
Tuesday,4/10/2016,11:45:00,63.582,-18.807,0.1,0.4,99,14.5,E,Hábunga
Tuesday,4/10/2016,11:24:21,66.582,-17.797,9.8,1.2,99,10.4,ENE,Grímsey
Tuesday,4/10/2016,9:26:11,63.97,-22.191,12,0.6,99,3.3,NNW,Keilir
Tuesday,4/10/2016,9:25:14,63.885,-22.3,0.1,1.8,99,2.3,SW,Fagradalsfjall
Tuesday,4/10/2016,9:20:10,64,-22.126,5.8,0.8,99,6.1,SW,Straumsví­k
Tuesday,4/10/2016,8:44:20,66.279,-17.53,13.7,1.4,99,18.7,NE,Flatey
Tuesday,4/10/2016,8:42:44,66.277,-17.538,14.4,2.4,99,18.3,NE,Flatey
Tuesday,4/10/2016,7:31:46,66.253,-16.439,8.8,1.5,99,5.4,S,Kópasker
Tuesday,4/10/2016,6:41:58,64.615,-17.49,12.3,1.3,99,3.3,SSE,Bárðarbunga
Tuesday,4/10/2016,6:18:58,63.982,-20.695,9.9,0.9,99,4.4,SSW,Hestfjall
Tuesday,4/10/2016,6:18:53,63.983,-20.702,5.8,0.8,99,4.3,SSW,Hestfjall
Tuesday,4/10/2016,6:01:51,64.632,-17.366,0.1,2.9,99,7.7,E,Bárðarbunga
Tuesday,4/10/2016,4:04:53,64.05,-21.392,5.8,0.9,99,1.4,NNE,Hellisheiði
Tuesday,4/10/2016,3:31:43,63.973,-20.492,2.4,1.4,99,9.1,ENE,Þjórsárbrú
Tuesday,4/10/2016,3:08:23,63.934,-20.777,5.9,0.8,99,6.1,W,Þjórsárbrú
Tuesday,4/10/2016,3:01:53,65.028,-16.674,3.9,2.1,99,3.5,WSW,Dreki
Tuesday,4/10/2016,2:31:08,66.598,-17.791,0.4,1.1,99,11.5,ENE,Grímsey
Tuesday,4/10/2016,2:16:26,66.632,-17.879,9.6,1.1,99,11.5,NNE,Grímsey
Tuesday,4/10/2016,0:16:19,63.845,-22.671,1.2,0.8,99,5.3,NNE,Reykjanestá
Tuesday,4/10/2016,20:30:59,66.647,-17.914,9.2,1.1,99,12.5,NNE,Þeistareykir
Tuesday,4/10/2016,19:34:28,66.633,-17.942,10.9,1.2,99,10.6,NNE,Eyjafjallajökull
Tuesday,4/10/2016,11:24:21,66.582,-17.797,9.8,1.2,99,10.4,ENE,Þeistareykir
Tuesday,11/10/2016,23:53:06,63.617,-19.143,0.6,0.3,99,4.6,NNW,Hábunga
Tuesday,11/10/2016,23:47:26,63.627,-19.129,0.1,0.5,99,5.4,NNW,Hábunga
Tuesday,11/10/2016,22:10:53,63.524,-19.063,0.1,0.1,99,6.5,SSE,Hábunga
Tuesday,11/10/2016,21:37:18,64.636,-17.456,0.1,1.1,99,3.4,E,Bárðarbunga
Tuesday,11/10/2016,19:55:31,66.285,-17.519,12.7,0.6,99,19.5,NE,Flatey
Tuesday,11/10/2016,19:52:48,66.276,-17.541,13.4,1.1,99,18.1,NE,Flatey
Tuesday,11/10/2016,19:13:49,63.946,-21.429,8.5,0.5,99,1.6,WNW,Raufarhólshellir
Tuesday,11/10/2016,18:31:01,66.404,-17.918,11.9,0.6,99,15.8,SSE,Grímsey
Tuesday,11/10/2016,16:24:19,64.654,-17.417,4.4,1.4,99,5.5,ENE,Bárðarbunga
Tuesday,11/10/2016,16:21:04,66.406,-17.892,11.5,0.6,99,15.9,SSE,Grímsey
Tuesday,11/10/2016,15:45:34,66.412,-17.893,14.3,0.5,99,15.3,SSE,Grímsey
Tuesday,11/10/2016,14:45:26,66.4,-17.909,11.1,0.8,99,16.3,SSE,Grímsey
Tuesday,11/10/2016,14:23:44,64.013,-20.014,8.6,0.2,99,12,ESE,Árnes
Tuesday,11/10/2016,14:19:44,66.4,-17.909,10.3,0.7,99,16.3,SSE,Grímsey
Tuesday,11/10/2016,13:56:29,63.938,-19.907,9.2,0.6,99,12.8,W,Vatnajökull
Tuesday,11/10/2016,12:59:31,63.621,-19.144,0.7,0.5,99,5,NNW,Hábunga
Tuesday,11/10/2016,11:26:23,66.38,-18.718,10.6,0.4,99,28.2,NNE,Siglufjörður
Tuesday,11/10/2016,11:23:35,63.618,-19.126,0.1,0.5,99,4.4,NNW,Hábunga
Tuesday,11/10/2016,10:25:05,63.691,-19.293,7.3,0.3,44.8,6,NNW,Goðabunga
Tuesday,11/10/2016,8:42:29,65.034,-16.697,5,0.4,99,4.4,W,Dreki
Tuesday,11/10/2016,7:58:57,65.148,-16.325,15.9,0.2,99,3.1,SSE,Herðubreið
Tuesday,11/10/2016,7:50:24,66.62,-17.874,9,1.2,99,10.6,NE,Grímsey
Tuesday,11/10/2016,7:48:38,64.067,-18.669,5.3,0.7,99,20.9,ENE,Landmannalaugar
Tuesday,11/10/2016,7:30:27,63.974,-16.664,3,0.7,99,4.7,S,Hvannadalshnður
Tuesday,11/10/2016,6:12:15,65.179,-16.333,6.3,0.3,99,0.9,NE,Herðubreið
Tuesday,11/10/2016,6:04:03,64.411,-17.285,2.2,1.3,99,0.9,NW,Grímsfjall
Tuesday,11/10/2016,5:47:23,63.621,-19.129,0.1,1.2,99,4.8,NNW,Hábunga
Tuesday,11/10/2016,4:36:35,63.623,-19.131,0.1,1.4,99,5,NNW,Hábunga
Tuesday,11/10/2016,4:19:31,63.619,-19.136,0.7,0.2,99,4.7,NNW,Hábunga
Tuesday,11/10/2016,3:55:59,63.531,-19.133,0.1,0,99,5.7,SSW,Hábunga
Tuesday,11/10/2016,3:46:15,66.646,-17.938,11.2,0.8,99,12.1,NNE,Grímsey
Tuesday,11/10/2016,3:09:00,65.712,-16.817,2.7,0.7,99,2.8,W,Krafluvirkjun
Tuesday,11/10/2016,2:33:13,66.007,-17.907,9.5,0.4,99,13.9,ENE,Grenivík
Tuesday,11/10/2016,2:22:26,65.024,-16.67,3.2,0.2,99,3.4,WSW,Dreki
Tuesday,11/10/2016,2:12:43,63.612,-19.059,0.9,0.3,99,4.1,NNE,Hábunga
Tuesday,11/10/2016,1:54:46,64.805,-16.906,5,0.7,36.87,14.6,E,Kistufell
Tuesday,11/10/2016,0:59:42,64.628,-17.481,1.8,1.7,99,2.6,ESE,Bárðarbunga
Tuesday,11/10/2016,0:58:32,64.636,-17.48,1.5,1.5,99,2.3,E,Bárðarbunga
Tuesday,11/10/2016,16:24:19,64.668,-17.409,1,1.2,55.56,6.4,ENE,Bárðarbunga
Tuesday,11/10/2016,14:45:26,66.4,-17.909,11.1,0.7,99,16.3,SSE,Herðubreið
Tuesday,11/10/2016,11:26:23,66.38,-18.718,10.6,0.1,99,28.2,NNE,Siglufjörður
Tuesday,11/10/2016,7:48:38,64.067,-18.669,4.5,0.8,99,20.9,ENE,Þeistareykir
Tuesday,11/10/2016,7:30:27,63.974,-16.664,3,0.7,99,4.7,S,Hvannadalshnúkur
Tuesday,11/10/2016,4:45:32,65.031,-16.666,5.1,0,99,3,WSW,Dreki
Tuesday,11/10/2016,3:55:59,63.531,-19.133,0.1,0.2,99,5.7,SSW,Hábunga
Tuesday,11/10/2016,2:33:13,66.007,-17.907,9.5,0.3,99,13.9,ENE,Grenivík
Wednesday,5/10/2016,18:49:08,66.642,-17.923,7.4,0.1,30.29,11.8,NNE,Grímsey
Wednesday,5/10/2016,16:09:27,65.102,-16.254,8.4,0.3,99,6.4,ENE,Herðubreiðarfjöll
Wednesday,5/10/2016,16:04:12,65.073,-16.736,4,0.9,99,7.2,WNW,Dreki
Wednesday,5/10/2016,12:21:51,66.242,-16.97,8,0.9,99,24.1,WSW,Kópasker
Wednesday,5/10/2016,11:57:22,66.231,-18.328,8.6,1.5,99,7,NNW,Gjögurtá
Wednesday,5/10/2016,10:43:51,63.624,-19.095,0.1,1.7,99,4.9,N,Hábunga
Wednesday,5/10/2016,9:32:06,64.638,-17.522,7.1,1.2,99,0.4,SE,Bárðarbunga
Wednesday,5/10/2016,8:58:17,64.622,-17.46,2.3,0.8,99,3.8,ESE,Bárðarbunga
Wednesday,5/10/2016,8:31:29,64.682,-17.47,2.2,2.4,99,5.4,NNE,Bárðarbunga
Wednesday,5/10/2016,8:29:49,64.684,-17.386,0.1,3,99,8.3,NE,Bárðarbunga
Wednesday,5/10/2016,8:25:34,64.679,-17.486,2.4,1.5,99,4.7,NNE,Bárðarbunga
Wednesday,5/10/2016,8:24:03,64.681,-17.47,2.1,1.9,99,5.3,NNE,Bárðarbunga
Wednesday,5/10/2016,8:22:39,64.678,-17.454,3.5,3.8,99,5.4,NE,Bárðarbunga
Wednesday,5/10/2016,8:20:08,63.647,-19.103,0.1,0.9,99,7.3,E,Goðabunga
Wednesday,5/10/2016,6:48:46,63.622,-19.087,0.1,1.3,99,4.7,N,Hábunga
Wednesday,5/10/2016,6:47:24,63.621,-19.095,0.1,1.2,99,4.6,N,Hábunga
Wednesday,5/10/2016,5:08:27,65.194,-16.394,5.7,0.8,99,3,NW,Herðubreið
Wednesday,5/10/2016,4:55:05,64.646,-17.454,7.1,2.2,99,3.6,E,Bárðarbunga
Wednesday,5/10/2016,3:28:29,63.99,-20.703,5.5,0.8,99,3.6,SSW,Hestfjall
Wednesday,5/10/2016,2:55:52,65.037,-16.697,5.7,0.5,99,4.3,W,Dreki
Wednesday,5/10/2016,2:31:20,63.882,-22.088,4.3,1.5,99,1.3,WSW,Krýsuvík
Wednesday,5/10/2016,0:37:13,65.865,-16.976,4.6,0.3,99,1.4,SW,Þeistareykir
Wednesday,5/10/2016,0:34:54,66.278,-17.537,14.3,1.4,99,18.4,NE,Flatey
Wednesday,5/10/2016,0:24:16,66.057,-17.288,7,0.7,99,2.9,NE,Húsavík
Wednesday,5/10/2016,0:05:28,64.664,-16.684,5.9,1,99,4.4,NW,jökull
Wednesday,5/10/2016,18:49:08,66.642,-17.923,7.4,0.1,34.43,11.8,NNE,Grímsey
Wednesday,5/10/2016,23:17:23,63.958,-20.132,8.9,0.2,99,10.9,SSE,Árnes
Wednesday,5/10/2016,23:16:48,66.269,-16.699,5.5,0.8,99,11.6,WSW,Kópasker
Wednesday,5/10/2016,22:29:47,63.619,-19.103,0.1,1.1,99,4.3,N,Hábunga
Wednesday,5/10/2016,21:43:52,63.585,-18.788,0.1,0.6,99,15.4,E,Hábunga
Wednesday,5/10/2016,20:22:05,63.591,-19.058,10.1,1.1,99,2.4,ENE,Hábunga
Wednesday,5/10/2016,19:54:58,65.04,-16.708,4.5,0.6,99,4.8,W,Dreki
Wednesday,5/10/2016,18:49:08,66.637,-17.958,10.3,1,99,10.9,NNE,Grímsey
Wednesday,5/10/2016,18:43:57,65.035,-16.695,4.8,0.4,99,4.3,W,Dreki
Wednesday,5/10/2016,17:08:36,66.166,-16.89,14.6,0.7,99,24.5,NE,Húsavík
Wednesday,5/10/2016,15:29:11,65.042,-16.714,4,0.1,99,5.1,W,Dreki
Wednesday,5/10/2016,12:44:05,63.691,-19.044,8,1,99,11.6,ENE,Goðabunga
Wednesday,5/10/2016,10:24:45,66.281,-17.013,10,0.4,99,25.2,W,Kópasker
Wednesday,12/10/2016,15:07:54,63.904,-21.956,7.6,1.1,99,5.7,ENE,Krýsuvík
Wednesday,12/10/2016,15:03:09,63.646,-19.325,0.1,2.4,99,3.8,W,Goðabunga
Wednesday,12/10/2016,13:40:29,63.894,-22.07,5.1,2.3,99,0.8,NNW,Krýsuvík
Wednesday,12/10/2016,10:31:07,66.38,-17.001,6.2,0.9,99,26,WNW,Kópasker
Wednesday,12/10/2016,10:19:08,64.68,-17.485,0.1,1.9,99,4.8,NNE,Bárðarbunga
Wednesday,12/10/2016,8:03:58,65.473,-16.72,8.8,0.7,99,20.2,NW,Herðubreiðarfjöll
Wednesday,12/10/2016,6:21:11,63.588,-18.848,0.1,0.2,99,12.5,E,Hábunga
Wednesday,12/10/2016,5:54:22,63.652,-19.309,0.1,1.5,99,3.2,WNW,Goðabunga
Wednesday,12/10/2016,5:15:00,63.58,-18.809,0.1,0.3,99,14.4,E,Hábunga
Wednesday,12/10/2016,4:29:20,63.591,-18.848,0.1,0.5,99,12.5,E,Hábunga
Wednesday,12/10/2016,4:18:12,64.828,-16.852,8.7,0.9,99,17.6,ENE,Kistufell
Wednesday,12/10/2016,0:56:16,66.278,-17.533,13.6,1,99,18.6,NE,Flatey
Wednesday,12/10/2016,0:42:36,66.173,-18.028,10,0.8,99,8.4,W,Flatey
Wednesday,28/09/2016,23:38:28,63.995,-20.473,7.8,0.1,99,10.1,ESE,Hestfjall
Wednesday,28/09/2016,23:33:29,64.634,-16.704,3.9,1.2,99,4,W,jökull
Wednesday,28/09/2016,23:30:50,65.075,-16.09,6.4,0.2,99,8.4,ENE,Upptyppingar
Wednesday,28/09/2016,23:17:48,64.675,-17.537,2.2,0.9,99,3.9,N,Bárðarbunga
Wednesday,28/09/2016,23:04:36,67.249,-18.71,10,1.6,99,11.3,N,Kolbeinsey
Wednesday,28/09/2016,22:58:43,63.628,-19.117,0.1,0.4,99,5.4,N,Hábunga
Wednesday,28/09/2016,22:56:05,63.627,-19.129,0.1,0.8,99,5.4,NNW,Hábunga
Wednesday,28/09/2016,22:53:39,67.213,-18.796,10,1.7,99,8.8,NW,Kolbeinsey
